workerid,hitid,hittypeid,title,description,keywords,reward,creationtime,assignments,numavailable,numpending,numcomplete,hitstatus,reviewstatus,annotation,assignmentduration,autoapprovaldelay,hitlifetime,viewhit,assignmentid,workerid,assignmentstatus,autoapprovaltime,assignmentaccepttime,assignmentsubmittime,assignmentapprovaltime,assignmentrejecttime,deadline,feedback,reject,Answer.3,Answer.2,Answer.1,Answer.0,Answer.7,Answer.6,Answer.5,Answer.4,Answer.9,Answer.8,Answer.comments,Answer.age,Answer.duration,Answer.cond,Answer.language
21,230KMN9U8P9YJ0T3C5931UYIPG0UDM,2AI9RA7S5WM1M1YZ4NY0SMHLANAZUC,Prices,How much do you think different kinds of household items cost?,experiment stanford fun prices psychology cognitive science linguistics university,$0.40,Wed Dec 04 05:01:54 PST 2013,40,1,1,38,Assignable,NotReviewed,1 cond,12000,99999,Tue Dec 24 05:01:54 PST 2013,https://requester.mturk.com/mturk/manageHIT?HITId=230KMN9U8P9YJ0T3C5931UYIPG0UDM,2PQQS1CSTMOFDJDZKQ31NYDN9UHQNB,21,Approved,Thu Dec 05 16:50:05 PST 2013,Wed Dec 04 12:59:04 PST 2013,Wed Dec 04 13:03:26 PST 2013,Wed Dec 04 14:28:26 PST 2013,,,,,"{""buyer"":""Ann"",""item"":""coffee maker"",""stepLength"":20,""max"":400,""lowers"":[0,20,40,60,80,100,120,140,160,180,200,220,240,260,280,300,320,340,360,400],""uppers"":[20,40,60,80,100,120,140,160,180,200,220,240,260,280,300,320,340,360,380,""infty""],""responses"":[1,1,1,0.25,0.27,0.16,0.21,0,0,0,0,0,0,0,0,0,0,0,0,0]}","{""buyer"":""Emma"",""item"":""watch"",""stepLength"":30,""max"":500,""lowers"":[0,30,60,90,120,150,180,210,240,270,300,330,360,390,420,450,480,510,540,500],""uppers"":[30,60,90,120,150,180,210,240,270,300,330,360,390,420,450,480,510,540,570,""infty""],""responses"":[1,1,0.99,1,1,0.72,0.7,0.53,0.5,0.5,0.29,0.23,0.22,0.2,0.24,0.2,0,0,0,0]}","{""buyer"":""Danielle"",""item"":""laptop"",""stepLength"":260,""max"":5000,""lowers"":[0,260,520,780,1040,1300,1560,1820,2080,2340,2600,2860,3120,3380,3640,3900,4160,4420,4680,5000],""uppers"":[260,520,780,1040,1300,1560,1820,2080,2340,2600,2860,3120,3380,3640,3900,4160,4420,4680,4940,""infty""],""responses"":[0.27,0.47,0.85,1,0.84,0.85,0.86,0.85,0.86,0.69,0.5,0.5,0.5,0.27,0.25,0.25,0.25,0.02,0,0]}","{""buyer"":""Beth"",""item"":""sweater"",""stepLength"":20,""max"":400,""lowers"":[0,20,40,60,80,100,120,140,160,180,200,220,240,260,280,300,320,340,360,400],""uppers"":[20,40,60,80,100,120,140,160,180,200,220,240,260,280,300,320,340,360,380,""infty""],""responses"":[0.98,1,0.7,0.63,0.5,0.25,0.16,0.11,0,0,0,0,0,0,0,0,0,0,0,0]}","{""response"":""300"",""item"":""watch""}","{""response"":""2500"",""item"":""laptop""}","{""response"":""75"",""item"":""sweater""}","{""buyer"":""Caitlyn"",""item"":""headphones"",""stepLength"":20,""max"":300,""lowers"":[0,20,40,60,80,100,120,140,160,180,200,220,240,260,280,300,320,340,360,300],""uppers"":[20,40,60,80,100,120,140,160,180,200,220,240,260,280,300,320,340,360,380,""infty""],""responses"":[1,1,1,1,1,1,1,1,1,1,0.27,0.22,0.16,0.17,0.2,0.18,0,0,0,0]}","{""response"":""200"",""item"":""headphones""}","{""response"":""50"",""item"":""coffee maker""}","""""","""25""",259961,"""girls""","""English"""
22,230KMN9U8P9YJ0T3C5931UYIPG0UDM,2AI9RA7S5WM1M1YZ4NY0SMHLANAZUC,Prices,How much do you think different kinds of household items cost?,experiment stanford fun prices psychology cognitive science linguistics university,$0.40,Wed Dec 04 05:01:54 PST 2013,40,1,1,38,Assignable,NotReviewed,1 cond,12000,99999,Tue Dec 24 05:01:54 PST 2013,https://requester.mturk.com/mturk/manageHIT?HITId=230KMN9U8P9YJ0T3C5931UYIPG0UDM,2WF9U8P9Y38TCOXPJ0LYRM0J5LJGXR,22,Approved,Thu Dec 05 16:50:22 PST 2013,Wed Dec 04 12:53:25 PST 2013,Wed Dec 04 13:03:43 PST 2013,Wed Dec 04 14:28:26 PST 2013,,,,,"{""buyer"":""Calvin"",""item"":""coffee maker"",""stepLength"":20,""max"":400,""lowers"":[0,20,40,60,80,100,120,140,160,180,200,220,240,260,280,300,320,340,360,400],""uppers"":[20,40,60,80,100,120,140,160,180,200,220,240,260,280,300,320,340,360,380,""infty""],""responses"":[0,0.72,0.97,1,0.91,0.84,0.77,0.71,0.58,0.48,0.3,0.21,0.13,0.06,0.04,0,0,0,0,0]}","{""buyer"":""Caitlyn"",""item"":""headphones"",""stepLength"":20,""max"":300,""lowers"":[0,20,40,60,80,100,120,140,160,180,200,220,240,260,280,300,320,340,360,300],""uppers"":[20,40,60,80,100,120,140,160,180,200,220,240,260,280,300,320,340,360,380,""infty""],""responses"":[1,1,1,1,0.94,0.73,0.38,0.13,0.08,0,0,0,0,0,0,0,0,0,0,0]}","{""buyer"":""Danielle"",""item"":""sweater"",""stepLength"":20,""max"":400,""lowers"":[0,20,40,60,80,100,120,140,160,180,200,220,240,260,280,300,320,340,360,400],""uppers"":[20,40,60,80,100,120,140,160,180,200,220,240,260,280,300,320,340,360,380,""infty""],""responses"":[0.7,1,1,0.9,0.69,0.54,0.49,0.33,0.15,0.11,0,0,0,0,0,0,0,0,0.01,0.01]}","{""buyer"":""Emma"",""item"":""watch"",""stepLength"":30,""max"":500,""lowers"":[0,30,60,90,120,150,180,210,240,270,300,330,360,390,420,450,480,510,540,500],""uppers"":[30,60,90,120,150,180,210,240,270,300,330,360,390,420,450,480,510,540,570,""infty""],""responses"":[0.72,1,1,1,0.73,0.59,0.5,0.37,0.28,0.22,0.1,0.06,0.04,0.04,0.04,0.04,0.04,0.04,0.04,0.23]}","{""response"":""180"",""item"":""headphones""}","{""response"":""200"",""item"":""sweater""}","{""response"":""900"",""item"":""watch""}","{""buyer"":""Evan"",""item"":""laptop"",""stepLength"":260,""max"":5000,""lowers"":[0,260,520,780,1040,1300,1560,1820,2080,2340,2600,2860,3120,3380,3640,3900,4160,4420,4680,5000],""uppers"":[260,520,780,1040,1300,1560,1820,2080,2340,2600,2860,3120,3380,3640,3900,4160,4420,4680,4940,""infty""],""responses"":[0.5,0.64,0.92,1,1,1,0.98,0.88,0.76,0.65,0.49,0.3,0.11,0.06,0.03,0,0,0,0,0]}","{""response"":""2500"",""item"":""laptop""}","{""response"":""200"",""item"":""coffee maker""}","""""","""31""",611869,"""both""","""English"""
23,230KMN9U8P9YJ0T3C5931UYIPG0UDM,2AI9RA7S5WM1M1YZ4NY0SMHLANAZUC,Prices,How much do you think different kinds of household items cost?,experiment stanford fun prices psychology cognitive science linguistics university,$0.40,Wed Dec 04 05:01:54 PST 2013,40,1,1,38,Assignable,NotReviewed,1 cond,12000,99999,Tue Dec 24 05:01:54 PST 2013,https://requester.mturk.com/mturk/manageHIT?HITId=230KMN9U8P9YJ0T3C5931UYIPG0UDM,20ZQ67051QKC3J199Y316MGIC6HFZO,23,Approved,Thu Dec 05 17:07:41 PST 2013,Wed Dec 04 13:15:53 PST 2013,Wed Dec 04 13:21:02 PST 2013,Wed Dec 04 14:28:26 PST 2013,,,,,"{""buyer"":""Calvin"",""item"":""coffee maker"",""stepLength"":20,""max"":400,""lowers"":[0,20,40,60,80,100,120,140,160,180,200,220,240,260,280,300,320,340,360,400],""uppers"":[20,40,60,80,100,120,140,160,180,200,220,240,260,280,300,320,340,360,380,""infty""],""responses"":[0.3,0.5,0.62,0.99,0.81,0.7,0.56,0.46,0.36,0.3,0.19,0.14,0.1,0.05,0,0,0,0,0,0]}","{""buyer"":""Alan"",""item"":""laptop"",""stepLength"":260,""max"":5000,""lowers"":[0,260,520,780,1040,1300,1560,1820,2080,2340,2600,2860,3120,3380,3640,3900,4160,4420,4680,5000],""uppers"":[260,520,780,1040,1300,1560,1820,2080,2340,2600,2860,3120,3380,3640,3900,4160,4420,4680,4940,""infty""],""responses"":[0.5,0.62,0.76,1,0.5,0.41,0.23,0.09,0,0,0,0,0,0,0,0,0,0,0,0]}","{""buyer"":""Evan"",""item"":""watch"",""stepLength"":30,""max"":500,""lowers"":[0,30,60,90,120,150,180,210,240,270,300,330,360,390,420,450,480,510,540,500],""uppers"":[30,60,90,120,150,180,210,240,270,300,330,360,390,420,450,480,510,540,570,""infty""],""responses"":[0.75,1,0.63,0.55,0.46,0.41,0.36,0.29,0.22,0.16,0.1,0,0,0,0,0,0,0,0,0]}","{""buyer"":""Dan"",""item"":""sweater"",""stepLength"":20,""max"":400,""lowers"":[0,20,40,60,80,100,120,140,160,180,200,220,240,260,280,300,320,340,360,400],""uppers"":[20,40,60,80,100,120,140,160,180,200,220,240,260,280,300,320,340,360,380,""infty""],""responses"":[0.7,1,0.69,0.5,0.35,0.27,0.14,0,0,0,0,0,0,0,0,0,0,0,0,0]}","{""response"":""1500"",""item"":""laptop""}","{""response"":""1000"",""item"":""watch""}","{""response"":""500"",""item"":""sweater""}","{""buyer"":""Bob"",""item"":""headphones"",""stepLength"":20,""max"":300,""lowers"":[0,20,40,60,80,100,120,140,160,180,200,220,240,260,280,300,320,340,360,300],""uppers"":[20,40,60,80,100,120,140,160,180,200,220,240,260,280,300,320,340,360,380,""infty""],""responses"":[0.7,0.85,0.72,0.64,0.58,0.48,0.41,0.33,0.26,0.18,0.14,0.12,0.09,0.08,0.08,0,0,0,0,0]}","{""response"":""400"",""item"":""headphones""}","{""response"":""300"",""item"":""coffee maker""}","""""","""36""",303077,"""boys""","""English"""
24,230KMN9U8P9YJ0T3C5931UYIPG0UDM,2AI9RA7S5WM1M1YZ4NY0SMHLANAZUC,Prices,How much do you think different kinds of household items cost?,experiment stanford fun prices psychology cognitive science linguistics university,$0.40,Wed Dec 04 05:01:54 PST 2013,40,1,1,38,Assignable,NotReviewed,1 cond,12000,99999,Tue Dec 24 05:01:54 PST 2013,https://requester.mturk.com/mturk/manageHIT?HITId=230KMN9U8P9YJ0T3C5931UYIPG0UDM,2BIP6AUC26DGMZD8DBM0OK0C0V63A3,24,Approved,Thu Dec 05 17:08:52 PST 2013,Wed Dec 04 13:16:31 PST 2013,Wed Dec 04 13:22:13 PST 2013,Wed Dec 04 14:28:25 PST 2013,,,,,"{""buyer"":""Emma"",""item"":""coffee maker"",""stepLength"":20,""max"":400,""lowers"":[0,20,40,60,80,100,120,140,160,180,200,220,240,260,280,300,320,340,360,400],""uppers"":[20,40,60,80,100,120,140,160,180,200,220,240,260,280,300,320,340,360,380,""infty""],""responses"":[0.89,0.85,0.82,0.77,0.73,0.65,0.6,0.5,0.39,0.26,0.27,0.2,0.14,0,0,0,0,0,0,0]}","{""buyer"":""Ann"",""item"":""watch"",""stepLength"":30,""max"":500,""lowers"":[0,30,60,90,120,150,180,210,240,270,300,330,360,390,420,450,480,510,540,500],""uppers"":[30,60,90,120,150,180,210,240,270,300,330,360,390,420,450,480,510,540,570,""infty""],""responses"":[1,0.84,0.76,0.71,0.64,0.56,0.5,0.39,0.32,0.22,0.34,0.24,0.08,0,0,0,0,0,0.02,0]}","{""buyer"":""Caitlyn"",""item"":""laptop"",""stepLength"":260,""max"":5000,""lowers"":[0,260,520,780,1040,1300,1560,1820,2080,2340,2600,2860,3120,3380,3640,3900,4160,4420,4680,5000],""uppers"":[260,520,780,1040,1300,1560,1820,2080,2340,2600,2860,3120,3380,3640,3900,4160,4420,4680,4940,""infty""],""responses"":[1,0.95,0.89,0.78,0.74,0.68,0.6,0.48,0.36,0,0.05,0,0,0.01,0,0,0,0,0,0]}","{""buyer"":""Danielle"",""item"":""sweater"",""stepLength"":20,""max"":400,""lowers"":[0,20,40,60,80,100,120,140,160,180,200,220,240,260,280,300,320,340,360,400],""uppers"":[20,40,60,80,100,120,140,160,180,200,220,240,260,280,300,320,340,360,380,""infty""],""responses"":[1,0.72,0.57,0.5,0.45,0,0,0,0,0,0,0,0,0,0,0,0,0,0,0]}","{""response"":""1000"",""item"":""watch""}","{""response"":""5000"",""item"":""laptop""}","{""response"":""500"",""item"":""sweater""}","{""buyer"":""Beth"",""item"":""headphones"",""stepLength"":20,""max"":300,""lowers"":[0,20,40,60,80,100,120,140,160,180,200,220,240,260,280,300,320,340,360,300],""uppers"":[20,40,60,80,100,120,140,160,180,200,220,240,260,280,300,320,340,360,380,""infty""],""responses"":[1,0.87,0.75,0.62,0.52,0.47,0.38,0.31,0.23,0.17,0.12,0.03,0,0,0,0,0,0,0,0]}","{""response"":""350"",""item"":""headphones""}","{""response"":""500"",""item"":""coffee maker""}","""""","""21""",338161,"""girls""","""english"""
25,230KMN9U8P9YJ0T3C5931UYIPG0UDM,2AI9RA7S5WM1M1YZ4NY0SMHLANAZUC,Prices,How much do you think different kinds of household items cost?,experiment stanford fun prices psychology cognitive science linguistics university,$0.40,Wed Dec 04 05:01:54 PST 2013,40,1,1,38,Assignable,NotReviewed,1 cond,12000,99999,Tue Dec 24 05:01:54 PST 2013,https://requester.mturk.com/mturk/manageHIT?HITId=230KMN9U8P9YJ0T3C5931UYIPG0UDM,20KCM6IAA2SEYMU1G8FQTKA4UTVLLG,25,Approved,Thu Dec 05 17:16:22 PST 2013,Wed Dec 04 13:24:18 PST 2013,Wed Dec 04 13:29:43 PST 2013,Wed Dec 04 14:28:26 PST 2013,,,,,"{""buyer"":""Emma"",""item"":""coffee maker"",""stepLength"":20,""max"":400,""lowers"":[0,20,40,60,80,100,120,140,160,180,200,220,240,260,280,300,320,340,360,400],""uppers"":[20,40,60,80,100,120,140,160,180,200,220,240,260,280,300,320,340,360,380,""infty""],""responses"":[0.68,0.58,0.52,0.35,0.23,0.1,0,0,0,0.09,0.12,0.11,0.13,0,0,0,0,0,0,0.15]}","{""buyer"":""Caitlyn"",""item"":""headphones"",""stepLength"":20,""max"":300,""lowers"":[0,20,40,60,80,100,120,140,160,180,200,220,240,260,280,300,320,340,360,300],""uppers"":[20,40,60,80,100,120,140,160,180,200,220,240,260,280,300,320,340,360,380,""infty""],""responses"":[0.78,0.36,0.15,0.05,0.04,0.06,0,0,0,0,0,0,0,0,0,0,0,0,0,0]}","{""buyer"":""Beth"",""item"":""laptop"",""stepLength"":260,""max"":5000,""lowers"":[0,260,520,780,1040,1300,1560,1820,2080,2340,2600,2860,3120,3380,3640,3900,4160,4420,4680,5000],""uppers"":[260,520,780,1040,1300,1560,1820,2080,2340,2600,2860,3120,3380,3640,3900,4160,4420,4680,4940,""infty""],""responses"":[0.08,0.28,0.81,0.68,0.48,0.4,0.43,0.33,0.22,0.18,0.18,0.16,0.11,0.1,0.07,0.06,0.09,0.09,0.09,0.16]}","{""buyer"":""Ann"",""item"":""sweater"",""stepLength"":20,""max"":400,""lowers"":[0,20,40,60,80,100,120,140,160,180,200,220,240,260,280,300,320,340,360,400],""uppers"":[20,40,60,80,100,120,140,160,180,200,220,240,260,280,300,320,340,360,380,""infty""],""responses"":[0.28,0.45,0.53,0.48,0.39,0.21,0.09,0.04,0.05,0.05,0.04,0.03,0,0,0,0,0,0,0,0]}","{""response"":""300.00"",""item"":""headphones""}","{""response"":""4000.00"",""item"":""laptop""}","{""response"":""600.00"",""item"":""sweater""}","{""buyer"":""Danielle"",""item"":""watch"",""stepLength"":30,""max"":500,""lowers"":[0,30,60,90,120,150,180,210,240,270,300,330,360,390,420,450,480,510,540,500],""uppers"":[30,60,90,120,150,180,210,240,270,300,330,360,390,420,450,480,510,540,570,""infty""],""responses"":[0.44,0.39,0.37,0.43,0.4,0.34,0.3,0.25,0.22,0.22,0.21,0.23,0.16,0.21,0.23,0.16,0.23,0.19,0.14,0.26]}","{""response"":""10000.00"",""item"":""watch""}","{""response"":""2100.00"",""item"":""coffee maker""}","""""","""24""",323499,"""girls""","""English"""
26,230KMN9U8P9YJ0T3C5931UYIPG0UDM,2AI9RA7S5WM1M1YZ4NY0SMHLANAZUC,Prices,How much do you think different kinds of household items cost?,experiment stanford fun prices psychology cognitive science linguistics university,$0.40,Wed Dec 04 05:01:54 PST 2013,40,1,1,38,Assignable,NotReviewed,1 cond,12000,99999,Tue Dec 24 05:01:54 PST 2013,https://requester.mturk.com/mturk/manageHIT?HITId=230KMN9U8P9YJ0T3C5931UYIPG0UDM,2AGHOVR14IXK4ULGIP5C5A6XF9S788,26,Approved,Thu Dec 05 17:22:56 PST 2013,Wed Dec 04 13:30:07 PST 2013,Wed Dec 04 13:36:17 PST 2013,Wed Dec 04 14:28:26 PST 2013,,,,,"{""buyer"":""Dan"",""item"":""coffee maker"",""stepLength"":20,""max"":400,""lowers"":[0,20,40,60,80,100,120,140,160,180,200,220,240,260,280,300,320,340,360,400],""uppers"":[20,40,60,80,100,120,140,160,180,200,220,240,260,280,300,320,340,360,380,""infty""],""responses"":[0.83,0.88,0.93,0.95,0.89,0.8,0.68,0.66,0.65,0.59,0.59,0.44,0.36,0.25,0.24,0.24,0.16,0.16,0.1,0.07]}","{""buyer"":""Danielle"",""item"":""laptop"",""stepLength"":260,""max"":5000,""lowers"":[0,260,520,780,1040,1300,1560,1820,2080,2340,2600,2860,3120,3380,3640,3900,4160,4420,4680,5000],""uppers"":[260,520,780,1040,1300,1560,1820,2080,2340,2600,2860,3120,3380,3640,3900,4160,4420,4680,4940,""infty""],""responses"":[0.14,0.2,0.35,0.65,0.77,0.57,0.42,0.36,0.21,0.2,0.11,0.1,0.05,0.05,0.05,0.04,0.02,0.02,0,0.02]}","{""buyer"":""Calvin"",""item"":""sweater"",""stepLength"":20,""max"":400,""lowers"":[0,20,40,60,80,100,120,140,160,180,200,220,240,260,280,300,320,340,360,400],""uppers"":[20,40,60,80,100,120,140,160,180,200,220,240,260,280,300,320,340,360,380,""infty""],""responses"":[0.75,0.88,0.87,0.82,0.75,0.69,0.67,0.66,0.65,0.64,0.43,0.4,0.37,0.35,0.3,0.27,0.24,0.25,0.14,0.03]}","{""buyer"":""Alan"",""item"":""watch"",""stepLength"":30,""max"":500,""lowers"":[0,30,60,90,120,150,180,210,240,270,300,330,360,390,420,450,480,510,540,500],""uppers"":[30,60,90,120,150,180,210,240,270,300,330,360,390,420,450,480,510,540,570,""infty""],""responses"":[0.29,0.45,0.54,0.6,0.72,0.6,0.53,0.46,0.33,0.35,0.37,0.34,0.27,0.26,0.27,0.22,0.22,0.18,0.12,0.1]}","{""response"":""5400"",""item"":""laptop""}","{""response"":""500"",""item"":""sweater""}","{""response"":""16000"",""item"":""watch""}","{""buyer"":""Beth"",""item"":""headphones"",""stepLength"":20,""max"":300,""lowers"":[0,20,40,60,80,100,120,140,160,180,200,220,240,260,280,300,320,340,360,300],""uppers"":[20,40,60,80,100,120,140,160,180,200,220,240,260,280,300,320,340,360,380,""infty""],""responses"":[0.67,0.78,0.89,0.93,0.92,0.88,0.73,0.68,0.65,0.57,0.44,0.35,0.33,0.2,0.19,0.14,0.11,0.07,0.06,0.03]}","{""response"":""450"",""item"":""headphones""}","{""response"":""250"",""item"":""coffee maker""}","""Thank+you%2C+interesting!""","""37""",367210,"""both""","""English"""
27,230KMN9U8P9YJ0T3C5931UYIPG0UDM,2AI9RA7S5WM1M1YZ4NY0SMHLANAZUC,Prices,How much do you think different kinds of household items cost?,experiment stanford fun prices psychology cognitive science linguistics university,$0.40,Wed Dec 04 05:01:54 PST 2013,40,1,1,38,Assignable,NotReviewed,1 cond,12000,99999,Tue Dec 24 05:01:54 PST 2013,https://requester.mturk.com/mturk/manageHIT?HITId=230KMN9U8P9YJ0T3C5931UYIPG0UDM,2HWJ79KQW6183W61DN3DD5XCQ4RJLD,27,Approved,Thu Dec 05 17:26:54 PST 2013,Wed Dec 04 13:35:00 PST 2013,Wed Dec 04 13:40:15 PST 2013,Wed Dec 04 14:28:25 PST 2013,,,,,"{""buyer"":""Caitlyn"",""item"":""coffee maker"",""stepLength"":20,""max"":400,""lowers"":[0,20,40,60,80,100,120,140,160,180,200,220,240,260,280,300,320,340,360,400],""uppers"":[20,40,60,80,100,120,140,160,180,200,220,240,260,280,300,320,340,360,380,""infty""],""responses"":[0.5,0.67,0.56,0.35,0.1,0,0,0,0,0,0,0,0,0,0,0,0,0,0,0]}","{""buyer"":""Ann"",""item"":""laptop"",""stepLength"":260,""max"":5000,""lowers"":[0,260,520,780,1040,1300,1560,1820,2080,2340,2600,2860,3120,3380,3640,3900,4160,4420,4680,5000],""uppers"":[260,520,780,1040,1300,1560,1820,2080,2340,2600,2860,3120,3380,3640,3900,4160,4420,4680,4940,""infty""],""responses"":[0,0.48,0.71,0.56,0.42,0.27,0.08,0.06,0,0,0,0,0,0,0,0,0,0,0,0]}","{""buyer"":""Emma"",""item"":""sweater"",""stepLength"":20,""max"":400,""lowers"":[0,20,40,60,80,100,120,140,160,180,200,220,240,260,280,300,320,340,360,400],""uppers"":[20,40,60,80,100,120,140,160,180,200,220,240,260,280,300,320,340,360,380,""infty""],""responses"":[0.5,0.61,0.64,0.57,0.46,0.32,0.12,0.02,0,0,0,0,0,0,0,0,0,0,0,0]}","{""buyer"":""Danielle"",""item"":""headphones"",""stepLength"":20,""max"":300,""lowers"":[0,20,40,60,80,100,120,140,160,180,200,220,240,260,280,300,320,340,360,300],""uppers"":[20,40,60,80,100,120,140,160,180,200,220,240,260,280,300,320,340,360,380,""infty""],""responses"":[0.29,0.62,0.7,0.79,0.66,0.54,0.33,0.21,0.1,0.04,0,0,0,0,0.01,0,0,0,0,0]}","{""response"":""2500"",""item"":""laptop""}","{""response"":""130"",""item"":""sweater""}","{""response"":""220"",""item"":""headphones""}","{""buyer"":""Beth"",""item"":""watch"",""stepLength"":30,""max"":500,""lowers"":[0,30,60,90,120,150,180,210,240,270,300,330,360,390,420,450,480,510,540,500],""uppers"":[30,60,90,120,150,180,210,240,270,300,330,360,390,420,450,480,510,540,570,""infty""],""responses"":[0.5,0.57,0.4,0.17,0.07,0,0,0,0,0,0,0,0,0,0,0,0,0,0,0]}","{""response"":""10000"",""item"":""watch""}","{""response"":""110"",""item"":""coffee maker""}","""""","""38""",310579,"""girls""","""English"""
28,230KMN9U8P9YJ0T3C5931UYIPG0UDM,2AI9RA7S5WM1M1YZ4NY0SMHLANAZUC,Prices,How much do you think different kinds of household items cost?,experiment stanford fun prices psychology cognitive science linguistics university,$0.40,Wed Dec 04 05:01:54 PST 2013,40,1,1,38,Assignable,NotReviewed,1 cond,12000,99999,Tue Dec 24 05:01:54 PST 2013,https://requester.mturk.com/mturk/manageHIT?HITId=230KMN9U8P9YJ0T3C5931UYIPG0UDM,2C55NQYN5F3QGBGC96DNLWYBGKNC8A,28,Approved,Thu Dec 05 18:14:33 PST 2013,Wed Dec 04 14:24:36 PST 2013,Wed Dec 04 14:27:54 PST 2013,Wed Dec 04 15:19:55 PST 2013,,,,,"{""buyer"":""Danielle"",""item"":""laptop"",""stepLength"":260,""max"":5000,""lowers"":[0,260,520,780,1040,1300,1560,1820,2080,2340,2600,2860,3120,3380,3640,3900,4160,4420,4680,5000],""uppers"":[260,520,780,1040,1300,1560,1820,2080,2340,2600,2860,3120,3380,3640,3900,4160,4420,4680,4940,""infty""],""responses"":[0.29,0.22,0.76,0.96,0.93,0.93,0.74,0.67,0.66,0.57,0.35,0.24,0.25,0.2,0.12,0.07,0.06,0.21,0.06,0]}","{""buyer"":""Emma"",""item"":""watch"",""stepLength"":30,""max"":500,""lowers"":[0,30,60,90,120,150,180,210,240,270,300,330,360,390,420,450,480,510,540,500],""uppers"":[30,60,90,120,150,180,210,240,270,300,330,360,390,420,450,480,510,540,570,""infty""],""responses"":[0.6,0.94,0.81,0.67,0.87,0.7,0.76,0.64,0.65,0.73,0.67,0.68,0.66,0.65,0.65,0.74,0.67,0.79,0.79,0.62]}","{""buyer"":""Caitlyn"",""item"":""headphones"",""stepLength"":20,""max"":300,""lowers"":[0,20,40,60,80,100,120,140,160,180,200,220,240,260,280,300,320,340,360,300],""uppers"":[20,40,60,80,100,120,140,160,180,200,220,240,260,280,300,320,340,360,380,""infty""],""responses"":[0,0,0.99,1,1,1,1,1,1,1,1,1,1,0.75,0.62,0.52,0.53,0,0,0.56]}","{""buyer"":""Ann"",""item"":""sweater"",""stepLength"":20,""max"":400,""lowers"":[0,20,40,60,80,100,120,140,160,180,200,220,240,260,280,300,320,340,360,400],""uppers"":[20,40,60,80,100,120,140,160,180,200,220,240,260,280,300,320,340,360,380,""infty""],""responses"":[0.27,0.95,0.85,0.75,0.34,0.27,0.06,0,0.06,0,0,0,0,0.01,0,0,0,0,0,0]}","{""response"":""3000"",""item"":""watch""}","{""response"":""700"",""item"":""headphones""}","{""response"":""450"",""item"":""sweater""}","{""buyer"":""Beth"",""item"":""coffee maker"",""stepLength"":20,""max"":400,""lowers"":[0,20,40,60,80,100,120,140,160,180,200,220,240,260,280,300,320,340,360,400],""uppers"":[20,40,60,80,100,120,140,160,180,200,220,240,260,280,300,320,340,360,380,""infty""],""responses"":[0.63,0.56,0.69,0.74,0.76,0.28,0.67,0.62,0.28,0.23,0.37,0.27,0.16,0.08,0,0,0,0,0,0]}","{""response"":""240"",""item"":""coffee maker""}","{""response"":""7500"",""item"":""laptop""}","""Thank+you%2C+was+quick+and+easy""","""22""",194853,"""girls""","""english"""
29,230KMN9U8P9YJ0T3C5931UYIPG0UDM,2AI9RA7S5WM1M1YZ4NY0SMHLANAZUC,Prices,How much do you think different kinds of household items cost?,experiment stanford fun prices psychology cognitive science linguistics university,$0.40,Wed Dec 04 05:01:54 PST 2013,40,1,1,38,Assignable,NotReviewed,1 cond,12000,99999,Tue Dec 24 05:01:54 PST 2013,https://requester.mturk.com/mturk/manageHIT?HITId=230KMN9U8P9YJ0T3C5931UYIPG0UDM,29EAZHHRRLFQGGNUBZ81THO9QRXNE0,29,Approved,Thu Dec 05 18:35:14 PST 2013,Wed Dec 04 13:46:27 PST 2013,Wed Dec 04 14:48:35 PST 2013,Wed Dec 04 15:19:55 PST 2013,,,,,"{""buyer"":""Evan"",""item"":""headphones"",""stepLength"":20,""max"":300,""lowers"":[0,20,40,60,80,100,120,140,160,180,200,220,240,260,280,300,320,340,360,300],""uppers"":[20,40,60,80,100,120,140,160,180,200,220,240,260,280,300,320,340,360,380,""infty""],""responses"":[0.07,0.5,0.75,0.99,0.75,0.49,0.27,0.14,0.13,0.13,0,0,0,0,0,0,0,0,0,0]}","{""buyer"":""Danielle"",""item"":""watch"",""stepLength"":30,""max"":500,""lowers"":[0,30,60,90,120,150,180,210,240,270,300,330,360,390,420,450,480,510,540,500],""uppers"":[30,60,90,120,150,180,210,240,270,300,330,360,390,420,450,480,510,540,570,""infty""],""responses"":[0.07,0.2,0.34,0.43,0.56,0.62,0.69,0.73,0.79,0.88,0.86,0.7,0.54,0.4,0.26,0.13,0,0,0,0]}","{""buyer"":""Caitlyn"",""item"":""laptop"",""stepLength"":260,""max"":5000,""lowers"":[0,260,520,780,1040,1300,1560,1820,2080,2340,2600,2860,3120,3380,3640,3900,4160,4420,4680,5000],""uppers"":[260,520,780,1040,1300,1560,1820,2080,2340,2600,2860,3120,3380,3640,3900,4160,4420,4680,4940,""infty""],""responses"":[0,0.23,0.47,0.72,1,0.88,0.69,0.53,0.34,0.12,0,0,0,0,0,0,0,0,0,0]}","{""buyer"":""Bob"",""item"":""coffee maker"",""stepLength"":20,""max"":400,""lowers"":[0,20,40,60,80,100,120,140,160,180,200,220,240,260,280,300,320,340,360,400],""uppers"":[20,40,60,80,100,120,140,160,180,200,220,240,260,280,300,320,340,360,380,""infty""],""responses"":[0,0,0.26,0.5,0.76,0.84,0.65,0.55,0.37,0.23,0.35,0.26,0.15,0,0,0,0,0,0,0]}","{""response"":""500"",""item"":""watch""}","{""response"":""2200"",""item"":""laptop""}","{""response"":""300"",""item"":""coffee maker""}","{""buyer"":""Calvin"",""item"":""sweater"",""stepLength"":20,""max"":400,""lowers"":[0,20,40,60,80,100,120,140,160,180,200,220,240,260,280,300,320,340,360,400],""uppers"":[20,40,60,80,100,120,140,160,180,200,220,240,260,280,300,320,340,360,380,""infty""],""responses"":[0.47,0.63,0.81,0.98,0.88,0.72,0.53,0.34,0.2,0.12,0.14,0.16,0.12,0,0,0,0,0,0,0]}","{""response"":""300"",""item"":""sweater""}","{""response"":""300"",""item"":""headphones""}","""""","""25""",315291,"""both""","""english"""
30,230KMN9U8P9YJ0T3C5931UYIPG0UDM,2AI9RA7S5WM1M1YZ4NY0SMHLANAZUC,Prices,How much do you think different kinds of household items cost?,experiment stanford fun prices psychology cognitive science linguistics university,$0.40,Wed Dec 04 05:01:54 PST 2013,40,1,1,38,Assignable,NotReviewed,1 cond,12000,99999,Tue Dec 24 05:01:54 PST 2013,https://requester.mturk.com/mturk/manageHIT?HITId=230KMN9U8P9YJ0T3C5931UYIPG0UDM,2GPBAT2D5NQY3XFA68AGETYMZN573L,30,Approved,Thu Dec 05 18:38:43 PST 2013,Wed Dec 04 14:47:09 PST 2013,Wed Dec 04 14:52:04 PST 2013,Wed Dec 04 15:19:55 PST 2013,,,,,"{""buyer"":""Alan"",""item"":""coffee maker"",""stepLength"":20,""max"":400,""lowers"":[0,20,40,60,80,100,120,140,160,180,200,220,240,260,280,300,320,340,360,400],""uppers"":[20,40,60,80,100,120,140,160,180,200,220,240,260,280,300,320,340,360,380,""infty""],""responses"":[0.1,0.36,0.59,0.76,0.79,0.57,0.47,0.39,0.2,0.2,0.03,0.02,0.03,0.01,0.01,0.03,0.01,0.02,0.01,0.02]}","{""buyer"":""Evan"",""item"":""sweater"",""stepLength"":20,""max"":400,""lowers"":[0,20,40,60,80,100,120,140,160,180,200,220,240,260,280,300,320,340,360,400],""uppers"":[20,40,60,80,100,120,140,160,180,200,220,240,260,280,300,320,340,360,380,""infty""],""responses"":[0.89,0.67,0.5,0.01,0.03,0.03,0.03,0.04,0.02,0.03,0.01,0.02,0.02,0.01,0.01,0.01,0.02,0,0.01,0.02]}","{""buyer"":""Dan"",""item"":""headphones"",""stepLength"":20,""max"":300,""lowers"":[0,20,40,60,80,100,120,140,160,180,200,220,240,260,280,300,320,340,360,300],""uppers"":[20,40,60,80,100,120,140,160,180,200,220,240,260,280,300,320,340,360,380,""infty""],""responses"":[0.92,0.5,0.47,0.32,0.29,0.02,0.05,0.04,0.04,0.05,0.02,0.03,0.04,0.04,0.04,0.04,0.04,0.04,0.05,0.05]}","{""buyer"":""Calvin"",""item"":""laptop"",""stepLength"":260,""max"":5000,""lowers"":[0,260,520,780,1040,1300,1560,1820,2080,2340,2600,2860,3120,3380,3640,3900,4160,4420,4680,5000],""uppers"":[260,520,780,1040,1300,1560,1820,2080,2340,2600,2860,3120,3380,3640,3900,4160,4420,4680,4940,""infty""],""responses"":[0.08,0.22,0.67,0.68,0.43,0.08,0.02,0,0,0,0,0,0,0.02,0,0,0,0,0,0]}","{""response"":""60"",""item"":""sweater""}","{""response"":""70"",""item"":""headphones""}","{""response"":""900"",""item"":""laptop""}","{""buyer"":""Bob"",""item"":""watch"",""stepLength"":30,""max"":500,""lowers"":[0,30,60,90,120,150,180,210,240,270,300,330,360,390,420,450,480,510,540,500],""uppers"":[30,60,90,120,150,180,210,240,270,300,330,360,390,420,450,480,510,540,570,""infty""],""responses"":[0.71,0.72,0.74,0.8,0.46,0.33,0.15,0.05,0.01,0.04,0.03,0.02,0.05,0.02,0.01,0.01,0.03,0.03,0.02,0.02]}","{""response"":""300"",""item"":""watch""}","{""response"":""400"",""item"":""coffee maker""}","""No+complaints.+Would+take+survey+again.+10%2F10.""","""21""",292498,"""boys""","""English"""
31,230KMN9U8P9YJ0T3C5931UYIPG0UDM,2AI9RA7S5WM1M1YZ4NY0SMHLANAZUC,Prices,How much do you think different kinds of household items cost?,experiment stanford fun prices psychology cognitive science linguistics university,$0.40,Wed Dec 04 05:01:54 PST 2013,40,1,1,38,Assignable,NotReviewed,1 cond,12000,99999,Tue Dec 24 05:01:54 PST 2013,https://requester.mturk.com/mturk/manageHIT?HITId=230KMN9U8P9YJ0T3C5931UYIPG0UDM,2GT8N46UXFCDKXXJU1ED1NTKUYBRTK,31,Approved,Thu Dec 05 18:52:47 PST 2013,Wed Dec 04 15:01:12 PST 2013,Wed Dec 04 15:06:08 PST 2013,Wed Dec 04 15:19:55 PST 2013,,,,,"{""buyer"":""Bob"",""item"":""laptop"",""stepLength"":260,""max"":5000,""lowers"":[0,260,520,780,1040,1300,1560,1820,2080,2340,2600,2860,3120,3380,3640,3900,4160,4420,4680,5000],""uppers"":[260,520,780,1040,1300,1560,1820,2080,2340,2600,2860,3120,3380,3640,3900,4160,4420,4680,4940,""infty""],""responses"":[0.08,0.27,0.58,0.69,0.76,0.84,0.73,0.61,0.52,0.45,0.27,0,0,0,0,0,0,0,0,0]}","{""buyer"":""Evan"",""item"":""headphones"",""stepLength"":20,""max"":300,""lowers"":[0,20,40,60,80,100,120,140,160,180,200,220,240,260,280,300,320,340,360,300],""uppers"":[20,40,60,80,100,120,140,160,180,200,220,240,260,280,300,320,340,360,380,""infty""],""responses"":[0.5,0.55,0.6,0.66,0.77,0.9,0.9,0.8,0.71,0.63,0.31,0.26,0.24,0.22,0.2,0.17,0.08,0,0,0]}","{""buyer"":""Dan"",""item"":""sweater"",""stepLength"":20,""max"":400,""lowers"":[0,20,40,60,80,100,120,140,160,180,200,220,240,260,280,300,320,340,360,400],""uppers"":[20,40,60,80,100,120,140,160,180,200,220,240,260,280,300,320,340,360,380,""infty""],""responses"":[0.58,0.88,0.61,0,0,0,0,0.01,0,0.01,0,0,0,0,0,0,0,0.01,0,0]}","{""buyer"":""Alan"",""item"":""watch"",""stepLength"":30,""max"":500,""lowers"":[0,30,60,90,120,150,180,210,240,270,300,330,360,390,420,450,480,510,540,500],""uppers"":[30,60,90,120,150,180,210,240,270,300,330,360,390,420,450,480,510,540,570,""infty""],""responses"":[0.58,0.63,0.64,0.81,0.43,0.37,0.27,0.21,0.18,0.17,0.23,0.19,0.15,0.13,0,0,0,0,0,0]}","{""response"":""400"",""item"":""headphones""}","{""response"":""100"",""item"":""sweater""}","{""response"":""2000"",""item"":""watch""}","{""buyer"":""Calvin"",""item"":""coffee maker"",""stepLength"":20,""max"":400,""lowers"":[0,20,40,60,80,100,120,140,160,180,200,220,240,260,280,300,320,340,360,400],""uppers"":[20,40,60,80,100,120,140,160,180,200,220,240,260,280,300,320,340,360,380,""infty""],""responses"":[0.09,0.4,0.61,0.78,0.95,0.82,0.52,0.49,0.32,0.18,0,0,0,0,0,0,0,0,0,0]}","{""response"":""300"",""item"":""coffee maker""}","{""response"":""3000"",""item"":""laptop""}","""""","""32""",294218,"""boys""","""English"""
32,230KMN9U8P9YJ0T3C5931UYIPG0UDM,2AI9RA7S5WM1M1YZ4NY0SMHLANAZUC,Prices,How much do you think different kinds of household items cost?,experiment stanford fun prices psychology cognitive science linguistics university,$0.40,Wed Dec 04 05:01:54 PST 2013,40,1,1,38,Assignable,NotReviewed,1 cond,12000,99999,Tue Dec 24 05:01:54 PST 2013,https://requester.mturk.com/mturk/manageHIT?HITId=230KMN9U8P9YJ0T3C5931UYIPG0UDM,23MHYW2GTP9RQZSCCUS6IYSORIASNA,32,Approved,Thu Dec 05 19:20:35 PST 2013,Wed Dec 04 15:31:19 PST 2013,Wed Dec 04 15:33:56 PST 2013,Wed Dec 04 15:38:56 PST 2013,,,,,"{""buyer"":""Calvin"",""item"":""coffee maker"",""stepLength"":20,""max"":400,""lowers"":[0,20,40,60,80,100,120,140,160,180,200,220,240,260,280,300,320,340,360,400],""uppers"":[20,40,60,80,100,120,140,160,180,200,220,240,260,280,300,320,340,360,380,""infty""],""responses"":[0.17,0.09,0.77,0.7,0.76,0.74,0.09,0.11,0.07,0.11,0.04,0.04,0.08,0.05,0.09,0.09,0.09,0.06,0.08,0.08]}","{""buyer"":""Dan"",""item"":""laptop"",""stepLength"":260,""max"":5000,""lowers"":[0,260,520,780,1040,1300,1560,1820,2080,2340,2600,2860,3120,3380,3640,3900,4160,4420,4680,5000],""uppers"":[260,520,780,1040,1300,1560,1820,2080,2340,2600,2860,3120,3380,3640,3900,4160,4420,4680,4940,""infty""],""responses"":[0.11,0.11,0.73,0.74,0.73,0.72,0.15,0.06,0.08,0.07,0.07,0.06,0.08,0.07,0.06,0.08,0.08,0.08,0.07,0.07]}","{""buyer"":""Alan"",""item"":""watch"",""stepLength"":30,""max"":500,""lowers"":[0,30,60,90,120,150,180,210,240,270,300,330,360,390,420,450,480,510,540,500],""uppers"":[30,60,90,120,150,180,210,240,270,300,330,360,390,420,450,480,510,540,570,""infty""],""responses"":[0.03,0.04,0.04,0.73,0.71,0.71,0.74,0.73,0.74,0.72,0.03,0.04,0.04,0.05,0.05,0.1,0.04,0.04,0.07,0.06]}","{""buyer"":""Evan"",""item"":""headphones"",""stepLength"":20,""max"":300,""lowers"":[0,20,40,60,80,100,120,140,160,180,200,220,240,260,280,300,320,340,360,300],""uppers"":[20,40,60,80,100,120,140,160,180,200,220,240,260,280,300,320,340,360,380,""infty""],""responses"":[0.08,0,0.21,0.6,0.87,0.03,0.07,0.07,0.08,0.07,0.13,0.09,0.09,0.1,0.1,0.12,0.12,0.11,0.09,0.08]}","{""response"":""1500"",""item"":""laptop""}","{""response"":""500"",""item"":""watch""}","{""response"":""200"",""item"":""headphones""}","{""buyer"":""Bob"",""item"":""sweater"",""stepLength"":20,""max"":400,""lowers"":[0,20,40,60,80,100,120,140,160,180,200,220,240,260,280,300,320,340,360,400],""uppers"":[20,40,60,80,100,120,140,160,180,200,220,240,260,280,300,320,340,360,380,""infty""],""responses"":[0.72,0.68,0.7,0.72,0.18,0.16,0.14,0.13,0.11,0.13,0.03,0.04,0.01,0.01,0.03,0.01,0.03,0.03,0.03,0.04]}","{""response"":""60"",""item"":""sweater""}","{""response"":""100"",""item"":""coffee maker""}","""""","""29""",155536,"""boys""","""english"""
33,230KMN9U8P9YJ0T3C5931UYIPG0UDM,2AI9RA7S5WM1M1YZ4NY0SMHLANAZUC,Prices,How much do you think different kinds of household items cost?,experiment stanford fun prices psychology cognitive science linguistics university,$0.40,Wed Dec 04 05:01:54 PST 2013,40,1,1,38,Assignable,NotReviewed,1 cond,12000,99999,Tue Dec 24 05:01:54 PST 2013,https://requester.mturk.com/mturk/manageHIT?HITId=230KMN9U8P9YJ0T3C5931UYIPG0UDM,2WEEGOOGQSCMMAAHI05I3UU0CZ0EE6,33,Approved,Thu Dec 05 19:25:32 PST 2013,Wed Dec 04 15:32:10 PST 2013,Wed Dec 04 15:38:53 PST 2013,Wed Dec 04 18:04:35 PST 2013,,,,,"{""buyer"":""Danielle"",""item"":""sweater"",""stepLength"":20,""max"":400,""lowers"":[0,20,40,60,80,100,120,140,160,180,200,220,240,260,280,300,320,340,360,400],""uppers"":[20,40,60,80,100,120,140,160,180,200,220,240,260,280,300,320,340,360,380,""infty""],""responses"":[0.76,0.8,0.69,0.5,0.38,0.34,0.03,0.03,0.01,0.02,0.02,0.03,0.03,0.03,0.03,0.02,0.04,0.03,0.03,0.02]}","{""buyer"":""Ann"",""item"":""headphones"",""stepLength"":20,""max"":300,""lowers"":[0,20,40,60,80,100,120,140,160,180,200,220,240,260,280,300,320,340,360,300],""uppers"":[20,40,60,80,100,120,140,160,180,200,220,240,260,280,300,320,340,360,380,""infty""],""responses"":[0.5,0.64,0.67,0.5,0.5,0.31,0.29,0.31,0.04,0.01,0.03,0.04,0.01,0.02,0.02,0.02,0.03,0.01,0.02,0.02]}","{""buyer"":""Caitlyn"",""item"":""watch"",""stepLength"":30,""max"":500,""lowers"":[0,30,60,90,120,150,180,210,240,270,300,330,360,390,420,450,480,510,540,500],""uppers"":[30,60,90,120,150,180,210,240,270,300,330,360,390,420,450,480,510,540,570,""infty""],""responses"":[0.5,0.61,0.73,0.46,0.51,0.46,0.29,0.29,0.14,0.03,0.03,0.03,0.03,0.04,0.03,0.03,0.03,0.04,0.02,0.02]}","{""buyer"":""Emma"",""item"":""laptop"",""stepLength"":260,""max"":5000,""lowers"":[0,260,520,780,1040,1300,1560,1820,2080,2340,2600,2860,3120,3380,3640,3900,4160,4420,4680,5000],""uppers"":[260,520,780,1040,1300,1560,1820,2080,2340,2600,2860,3120,3380,3640,3900,4160,4420,4680,4940,""infty""],""responses"":[0.5,0.96,0.67,0.27,0.03,0.02,0.01,0.01,0.01,0.03,0.03,0.03,0.02,0.02,0.02,0.04,0.03,0.03,0.03,0.03]}","{""response"":""100.00"",""item"":""headphones""}","{""response"":""900.00"",""item"":""watch""}","{""response"":""1000.00"",""item"":""laptop""}","{""buyer"":""Beth"",""item"":""coffee maker"",""stepLength"":20,""max"":400,""lowers"":[0,20,40,60,80,100,120,140,160,180,200,220,240,260,280,300,320,340,360,400],""uppers"":[20,40,60,80,100,120,140,160,180,200,220,240,260,280,300,320,340,360,380,""infty""],""responses"":[0.02,0.61,0.55,0.5,0.5,0.44,0.34,0.33,0.03,0.03,0.03,0.03,0.02,0.02,0.02,0.03,0.03,0.02,0.02,0.02]}","{""response"":""150.00"",""item"":""coffee maker""}","{""response"":""200.00"",""item"":""sweater""}","""""","""35""",396327,"""girls""","""english"""
34,230KMN9U8P9YJ0T3C5931UYIPG0UDM,2AI9RA7S5WM1M1YZ4NY0SMHLANAZUC,Prices,How much do you think different kinds of household items cost?,experiment stanford fun prices psychology cognitive science linguistics university,$0.40,Wed Dec 04 05:01:54 PST 2013,40,1,1,38,Assignable,NotReviewed,1 cond,12000,99999,Tue Dec 24 05:01:54 PST 2013,https://requester.mturk.com/mturk/manageHIT?HITId=230KMN9U8P9YJ0T3C5931UYIPG0UDM,2B4STMOFXRDSKAC8U64N6JFMDCIRUB,34,Approved,Thu Dec 05 20:20:29 PST 2013,Wed Dec 04 15:01:16 PST 2013,Wed Dec 04 16:33:50 PST 2013,Wed Dec 04 18:04:35 PST 2013,,,,,"{""buyer"":""Dan"",""item"":""headphones"",""stepLength"":20,""max"":300,""lowers"":[0,20,40,60,80,100,120,140,160,180,200,220,240,260,280,300,320,340,360,300],""uppers"":[20,40,60,80,100,120,140,160,180,200,220,240,260,280,300,320,340,360,380,""infty""],""responses"":[0,0.28,0.49,0.72,0.73,0.5,0.24,0.23,0,0,0,0,0,0,0,0,0,0,0,0]}","{""buyer"":""Bob"",""item"":""sweater"",""stepLength"":20,""max"":400,""lowers"":[0,20,40,60,80,100,120,140,160,180,200,220,240,260,280,300,320,340,360,400],""uppers"":[20,40,60,80,100,120,140,160,180,200,220,240,260,280,300,320,340,360,380,""infty""],""responses"":[0,0.68,0.5,0.3,0.29,0.27,0,0,0,0,0,0,0,0,0,0,0,0,0,0]}","{""buyer"":""Calvin"",""item"":""coffee maker"",""stepLength"":20,""max"":400,""lowers"":[0,20,40,60,80,100,120,140,160,180,200,220,240,260,280,300,320,340,360,400],""uppers"":[20,40,60,80,100,120,140,160,180,200,220,240,260,280,300,320,340,360,380,""infty""],""responses"":[0.29,0.43,0.69,0.91,0.69,0.5,0.29,0,0,0,0,0,0,0,0,0,0,0,0,0]}","{""buyer"":""Alan"",""item"":""laptop"",""stepLength"":260,""max"":5000,""lowers"":[0,260,520,780,1040,1300,1560,1820,2080,2340,2600,2860,3120,3380,3640,3900,4160,4420,4680,5000],""uppers"":[260,520,780,1040,1300,1560,1820,2080,2340,2600,2860,3120,3380,3640,3900,4160,4420,4680,4940,""infty""],""responses"":[0,0.27,0.5,0.67,0.66,0.23,0.23,0,0,0,0,0,0,0,0,0,0,0,0,0]}","{""response"":""300.00"",""item"":""sweater""}","{""response"":""300.00"",""item"":""coffee maker""}","{""response"":""4000.00"",""item"":""laptop""}","{""buyer"":""Evan"",""item"":""watch"",""stepLength"":30,""max"":500,""lowers"":[0,30,60,90,120,150,180,210,240,270,300,330,360,390,420,450,480,510,540,500],""uppers"":[30,60,90,120,150,180,210,240,270,300,330,360,390,420,450,480,510,540,570,""infty""],""responses"":[0,0,0.36,0.67,0.67,0.5,0.5,0.5,0.5,0.23,0,0,0,0,0,0,0,0,0,0]}","{""response"":""1000.00"",""item"":""watch""}","{""response"":""400.00"",""item"":""headphones""}","""""","""33""",292423,"""boys""","""English"""
35,230KMN9U8P9YJ0T3C5931UYIPG0UDM,2AI9RA7S5WM1M1YZ4NY0SMHLANAZUC,Prices,How much do you think different kinds of household items cost?,experiment stanford fun prices psychology cognitive science linguistics university,$0.40,Wed Dec 04 05:01:54 PST 2013,40,1,1,38,Assignable,NotReviewed,1 cond,12000,99999,Tue Dec 24 05:01:54 PST 2013,https://requester.mturk.com/mturk/manageHIT?HITId=230KMN9U8P9YJ0T3C5931UYIPG0UDM,2RX7DZKPFE4EW5HK2AWLHI9NB7FF5N,35,Approved,Thu Dec 05 20:27:57 PST 2013,Wed Dec 04 14:45:02 PST 2013,Wed Dec 04 16:41:18 PST 2013,Wed Dec 04 18:04:35 PST 2013,,,,,"{""buyer"":""Ann"",""item"":""laptop"",""stepLength"":260,""max"":5000,""lowers"":[0,260,520,780,1040,1300,1560,1820,2080,2340,2600,2860,3120,3380,3640,3900,4160,4420,4680,5000],""uppers"":[260,520,780,1040,1300,1560,1820,2080,2340,2600,2860,3120,3380,3640,3900,4160,4420,4680,4940,""infty""],""responses"":[0,0,1,0.95,0.98,0.99,0.96,1,1,0.98,1,1,0.77,0.75,0.7,0.69,0.69,0.75,0.8,0.88]}","{""buyer"":""Caitlyn"",""item"":""coffee maker"",""stepLength"":20,""max"":400,""lowers"":[0,20,40,60,80,100,120,140,160,180,200,220,240,260,280,300,320,340,360,400],""uppers"":[20,40,60,80,100,120,140,160,180,200,220,240,260,280,300,320,340,360,380,""infty""],""responses"":[1,1,1,1,1,0.82,0.8,0.58,0.5,0.5,0.5,0.5,0.5,0.5,0.5,0.5,0.5,0.5,0.5,0.5]}","{""buyer"":""Beth"",""item"":""headphones"",""stepLength"":20,""max"":300,""lowers"":[0,20,40,60,80,100,120,140,160,180,200,220,240,260,280,300,320,340,360,300],""uppers"":[20,40,60,80,100,120,140,160,180,200,220,240,260,280,300,320,340,360,380,""infty""],""responses"":[1,1,1,1,1,1,0.96,0.97,1,1,0.69,0.73,0.67,0.63,0.65,0.69,0.63,0.66,0.68,0.68]}","{""buyer"":""Emma"",""item"":""watch"",""stepLength"":30,""max"":500,""lowers"":[0,30,60,90,120,150,180,210,240,270,300,330,360,390,420,450,480,510,540,500],""uppers"":[30,60,90,120,150,180,210,240,270,300,330,360,390,420,450,480,510,540,570,""infty""],""responses"":[0.97,0.68,1,1,1,1,1,0.99,1,1,0.88,0.67,0.74,0.76,0.72,0.69,0.75,0.71,0.66,0.69]}","{""response"":""110"",""item"":""coffee maker""}","{""response"":""160"",""item"":""headphones""}","{""response"":""500"",""item"":""watch""}","{""buyer"":""Danielle"",""item"":""sweater"",""stepLength"":20,""max"":400,""lowers"":[0,20,40,60,80,100,120,140,160,180,200,220,240,260,280,300,320,340,360,400],""uppers"":[20,40,60,80,100,120,140,160,180,200,220,240,260,280,300,320,340,360,380,""infty""],""responses"":[1,0.97,1,1,1,0.64,0.69,0.67,0.66,0.72,0.65,0.7,0.66,0.57,0.51,0.39,0.32,0.19,0.15,0.05]}","{""response"":""80"",""item"":""sweater""}","{""response"":""2000"",""item"":""laptop""}","""""","""25""",650664,"""girls""","""english"""
36,230KMN9U8P9YJ0T3C5931UYIPG0UDM,2AI9RA7S5WM1M1YZ4NY0SMHLANAZUC,Prices,How much do you think different kinds of household items cost?,experiment stanford fun prices psychology cognitive science linguistics university,$0.40,Wed Dec 04 05:01:54 PST 2013,40,1,1,38,Assignable,NotReviewed,1 cond,12000,99999,Tue Dec 24 05:01:54 PST 2013,https://requester.mturk.com/mturk/manageHIT?HITId=230KMN9U8P9YJ0T3C5931UYIPG0UDM,2N52AC9KSSZVDP2XKDLUTQOYSYUJ1F,36,Approved,Thu Dec 05 20:44:07 PST 2013,Wed Dec 04 15:43:12 PST 2013,Wed Dec 04 16:57:28 PST 2013,Wed Dec 04 18:04:36 PST 2013,,,,,"{""buyer"":""Bob"",""item"":""sweater"",""stepLength"":20,""max"":400,""lowers"":[0,20,40,60,80,100,120,140,160,180,200,220,240,260,280,300,320,340,360,400],""uppers"":[20,40,60,80,100,120,140,160,180,200,220,240,260,280,300,320,340,360,380,""infty""],""responses"":[0.39,0.7,0.91,0.9,0.77,0.41,0.34,0.27,0.12,0.04,0,0,0,0,0,0,0,0,0,0]}","{""buyer"":""Caitlyn"",""item"":""watch"",""stepLength"":30,""max"":500,""lowers"":[0,30,60,90,120,150,180,210,240,270,300,330,360,390,420,450,480,510,540,500],""uppers"":[30,60,90,120,150,180,210,240,270,300,330,360,390,420,450,480,510,540,570,""infty""],""responses"":[0.89,0.89,0.89,0.78,0.77,0.69,0.5,0.45,0.35,0.31,0.33,0.3,0.26,0.22,0.12,0.06,0.01,0,0.01,0.01]}","{""buyer"":""Beth"",""item"":""laptop"",""stepLength"":260,""max"":5000,""lowers"":[0,260,520,780,1040,1300,1560,1820,2080,2340,2600,2860,3120,3380,3640,3900,4160,4420,4680,5000],""uppers"":[260,520,780,1040,1300,1560,1820,2080,2340,2600,2860,3120,3380,3640,3900,4160,4420,4680,4940,""infty""],""responses"":[0.18,0.33,0.39,0.76,0.7,0.5,0.38,0.19,0,0,0,0,0,0,0,0,0,0,0,0]}","{""buyer"":""Ann"",""item"":""coffee maker"",""stepLength"":20,""max"":400,""lowers"":[0,20,40,60,80,100,120,140,160,180,200,220,240,260,280,300,320,340,360,400],""uppers"":[20,40,60,80,100,120,140,160,180,200,220,240,260,280,300,320,340,360,380,""infty""],""responses"":[0.79,0.64,0.42,0.16,0.13,0.11,0.02,0,0.02,0,0.02,0.03,0.03,0.02,0.01,0.04,0.03,0.01,0.02,0.03]}","{""response"":""750"",""item"":""watch""}","{""response"":""3200"",""item"":""laptop""}","{""response"":""450"",""item"":""coffee maker""}","{""buyer"":""Alan"",""item"":""headphones"",""stepLength"":20,""max"":300,""lowers"":[0,20,40,60,80,100,120,140,160,180,200,220,240,260,280,300,320,340,360,300],""uppers"":[20,40,60,80,100,120,140,160,180,200,220,240,260,280,300,320,340,360,380,""infty""],""responses"":[0.5,0.59,0.71,0.86,0.98,0.94,0.75,0.61,0.46,0.35,0.35,0.31,0.28,0.14,0.01,0,0.02,0,0.01,0]}","{""response"":""275"",""item"":""headphones""}","{""response"":""220"",""item"":""sweater""}","""""","""33""",228790,"""both""","""English"""
37,230KMN9U8P9YJ0T3C5931UYIPG0UDM,2AI9RA7S5WM1M1YZ4NY0SMHLANAZUC,Prices,How much do you think different kinds of household items cost?,experiment stanford fun prices psychology cognitive science linguistics university,$0.40,Wed Dec 04 05:01:54 PST 2013,40,1,1,38,Assignable,NotReviewed,1 cond,12000,99999,Tue Dec 24 05:01:54 PST 2013,https://requester.mturk.com/mturk/manageHIT?HITId=230KMN9U8P9YJ0T3C5931UYIPG0UDM,2OGZFYQS1CST2GF47LJ4RC1EAO7KNV,37,Approved,Thu Dec 05 21:33:37 PST 2013,Wed Dec 04 17:41:41 PST 2013,Wed Dec 04 17:46:58 PST 2013,Wed Dec 04 18:04:35 PST 2013,,,,,"{""buyer"":""Evan"",""item"":""headphones"",""stepLength"":20,""max"":300,""lowers"":[0,20,40,60,80,100,120,140,160,180,200,220,240,260,280,300,320,340,360,300],""uppers"":[20,40,60,80,100,120,140,160,180,200,220,240,260,280,300,320,340,360,380,""infty""],""responses"":[0.81,0.84,0.64,0.6,0.58,0.55,0,0,0,0,0,0,0,0,0,0,0,0,0,0]}","{""buyer"":""Bob"",""item"":""coffee maker"",""stepLength"":20,""max"":400,""lowers"":[0,20,40,60,80,100,120,140,160,180,200,220,240,260,280,300,320,340,360,400],""uppers"":[20,40,60,80,100,120,140,160,180,200,220,240,260,280,300,320,340,360,380,""infty""],""responses"":[0.5,0.7,0.74,0.7,0.49,0.39,0.26,0.12,0,0,0,0,0,0,0,0,0,0,0,0]}","{""buyer"":""Alan"",""item"":""laptop"",""stepLength"":260,""max"":5000,""lowers"":[0,260,520,780,1040,1300,1560,1820,2080,2340,2600,2860,3120,3380,3640,3900,4160,4420,4680,5000],""uppers"":[260,520,780,1040,1300,1560,1820,2080,2340,2600,2860,3120,3380,3640,3900,4160,4420,4680,4940,""infty""],""responses"":[0,0.11,0.76,0.77,0.61,0.26,0.2,0.14,0.11,0,0,0,0,0,0,0,0,0,0,0]}","{""buyer"":""Calvin"",""item"":""watch"",""stepLength"":30,""max"":500,""lowers"":[0,30,60,90,120,150,180,210,240,270,300,330,360,390,420,450,480,510,540,500],""uppers"":[30,60,90,120,150,180,210,240,270,300,330,360,390,420,450,480,510,540,570,""infty""],""responses"":[0.23,0.6,1,0.76,0.61,0.45,0.31,0.18,0.11,0,0,0,0,0,0,0,0,0,0,0]}","{""response"":""350"",""item"":""coffee maker""}","{""response"":""2500"",""item"":""laptop""}","{""response"":""500"",""item"":""watch""}","{""buyer"":""Dan"",""item"":""sweater"",""stepLength"":20,""max"":400,""lowers"":[0,20,40,60,80,100,120,140,160,180,200,220,240,260,280,300,320,340,360,400],""uppers"":[20,40,60,80,100,120,140,160,180,200,220,240,260,280,300,320,340,360,380,""infty""],""responses"":[0.62,0.73,0.83,0.6,0.46,0.26,0.13,0,0,0,0,0,0,0.01,0,0,0,0,0,0]}","{""response"":""300"",""item"":""sweater""}","{""response"":""250"",""item"":""headphones""}","""""","""24""",314849,"""boys""","""English"""
