"qType","item","dollarAmt","phrasing","response","workerid"
"concrete","coffee maker",188,"relative_clause",9,"0"
"inductive","coffee maker",20,"relative_clause",1,"0"
"inductive","watch",240,"relative_clause",9,"0"
"concrete","headphones",144,"relative_clause",6,"0"
"inductive","headphones",180.6,"relative_clause",9,"0"
"concrete","watch",100,"relative_clause",4,"0"
"concrete","laptop",1850,"relative_clause",8,"0"
"concrete","laptop",900,"relative_clause",7,"0"
"concrete","laptop",350,"relative_clause",2,"0"
"concrete","headphones",234,"relative_clause",9,"0"
"concrete","coffee maker",84,"relative_clause",5,"0"
"inductive","coffee maker",2,"relative_clause",5,"0"
"inductive","watch",1200,"relative_clause",9,"0"
"inductive","sweater",119.7,"relative_clause",9,"0"
"inductive","laptop",1295,"relative_clause",4,"0"
"inductive","sweater",17.1,"relative_clause",3,"0"
"inductive","watch",1680,"relative_clause",3,"0"
"inductive","headphones",129,"relative_clause",3,"0"
"concrete","watch",2000,"relative_clause",9,"0"
"inductive","laptop",1850,"relative_clause",2,"0"
"concrete","laptop",600,"relative_clause",4,"0"
"inductive","laptop",185,"relative_clause",5,"0"
"concrete","sweater",57,"relative_clause",6,"0"
"inductive","headphones",25.8,"relative_clause",6,"0"
"concrete","coffee maker",124,"relative_clause",7,"0"
"concrete","coffee maker",52,"relative_clause",3,"0"
"inductive","watch",2400,"relative_clause",2,"0"
"concrete","headphones",24,"relative_clause",1,"0"
"concrete","laptop",1250,"relative_clause",7,"0"
"concrete","watch",900,"relative_clause",9,"0"
"inductive","sweater",1.71,"relative_clause",8,"0"
"concrete","sweater",87,"relative_clause",7,"0"
"inductive","coffee maker",140,"relative_clause",2,"0"
"concrete","headphones",96,"relative_clause",6,"0"
"concrete","sweater",36,"relative_clause",1,"0"
"concrete","sweater",18,"relative_clause",1,"0"
"inductive","watch",24,"relative_clause",6,"0"
"inductive","laptop",18.5,"relative_clause",6,"0"
"inductive","coffee maker",100,"relative_clause",2,"0"
"inductive","headphones",258,"relative_clause",1,"0"
"concrete","watch",450,"relative_clause",9,"0"
"inductive","sweater",85.5,"relative_clause",4,"0"
"concrete","watch",250,"relative_clause",9,"0"
"inductive","headphones",2.58,"relative_clause",7,"0"
"inductive","coffee maker",200,"relative_clause",1,"0"
"inductive","laptop",925,"relative_clause",1,"0"
"concrete","headphones",60,"relative_clause",3,"0"
"concrete","sweater",150,"relative_clause",7,"0"
"inductive","sweater",171,"relative_clause",2,"0"
"concrete","coffee maker",24,"relative_clause",1,"0"
"concrete","headphones",60,"relative_clause",5,"1"
"concrete","coffee maker",52,"relative_clause",7,"1"
"concrete","sweater",150,"relative_clause",9,"1"
"concrete","coffee maker",24,"relative_clause",3,"1"
"concrete","sweater",57,"relative_clause",8,"1"
"concrete","coffee maker",124,"relative_clause",9,"1"
"inductive","laptop",185,"relative_clause",6,"1"
"concrete","sweater",36,"relative_clause",6,"1"
"concrete","coffee maker",84,"relative_clause",7,"1"
"concrete","laptop",1250,"relative_clause",7,"1"
"concrete","laptop",900,"relative_clause",5,"1"
"inductive","laptop",1850,"relative_clause",2,"1"
"inductive","sweater",171,"relative_clause",5,"1"
"inductive","watch",240,"relative_clause",4,"1"
"concrete","headphones",96,"relative_clause",7,"1"
"inductive","headphones",25.8,"relative_clause",5,"1"
"concrete","headphones",234,"relative_clause",9,"1"
"inductive","headphones",129,"relative_clause",6,"1"
"inductive","watch",1200,"relative_clause",4,"1"
"concrete","sweater",18,"relative_clause",3,"1"
"inductive","laptop",925,"relative_clause",4,"1"
"concrete","laptop",1850,"relative_clause",8,"1"
"inductive","sweater",17.1,"relative_clause",7,"1"
"inductive","coffee maker",20,"relative_clause",8,"1"
"inductive","headphones",2.58,"relative_clause",9,"1"
"inductive","headphones",180.6,"relative_clause",3,"1"
"inductive","laptop",1295,"relative_clause",3,"1"
"concrete","headphones",24,"relative_clause",2,"1"
"inductive","coffee maker",100,"relative_clause",5,"1"
"concrete","watch",450,"relative_clause",9,"1"
"concrete","sweater",87,"relative_clause",6,"1"
"concrete","watch",2000,"relative_clause",9,"1"
"inductive","headphones",258,"relative_clause",3,"1"
"inductive","sweater",119.7,"relative_clause",9,"1"
"inductive","watch",24,"relative_clause",9,"1"
"concrete","laptop",350,"relative_clause",1,"1"
"inductive","watch",1680,"relative_clause",4,"1"
"inductive","watch",2400,"relative_clause",3,"1"
"inductive","sweater",1.71,"relative_clause",9,"1"
"inductive","coffee maker",140,"relative_clause",5,"1"
"concrete","watch",250,"relative_clause",8,"1"
"inductive","laptop",18.5,"relative_clause",9,"1"
"inductive","coffee maker",200,"relative_clause",5,"1"
"concrete","laptop",600,"relative_clause",3,"1"
"concrete","watch",900,"relative_clause",9,"1"
"inductive","sweater",85.5,"relative_clause",8,"1"
"concrete","coffee maker",188,"relative_clause",8,"1"
"concrete","headphones",144,"relative_clause",7,"1"
"inductive","coffee maker",2,"relative_clause",9,"1"
"concrete","watch",100,"relative_clause",5,"1"
"inductive","headphones",2.58,"relative_clause",8,"2"
"concrete","sweater",18,"relative_clause",2,"2"
"concrete","watch",100,"relative_clause",3,"2"
"concrete","coffee maker",24,"relative_clause",6,"2"
"concrete","laptop",1850,"relative_clause",8,"2"
"inductive","laptop",1295,"relative_clause",2,"2"
"inductive","laptop",925,"relative_clause",3,"2"
"inductive","coffee maker",140,"relative_clause",2,"2"
"concrete","coffee maker",188,"relative_clause",7,"2"
"inductive","watch",240,"relative_clause",6,"2"
"concrete","headphones",96,"relative_clause",3,"2"
"concrete","laptop",350,"relative_clause",2,"2"
"inductive","watch",1200,"relative_clause",6,"2"
"inductive","sweater",85.5,"relative_clause",3,"2"
"inductive","sweater",1.71,"relative_clause",9,"2"
"inductive","watch",24,"relative_clause",8,"2"
"concrete","coffee maker",84,"relative_clause",7,"2"
"inductive","coffee maker",100,"relative_clause",6,"2"
"concrete","headphones",60,"relative_clause",2,"2"
"concrete","sweater",150,"relative_clause",8,"2"
"inductive","headphones",180.6,"relative_clause",2,"2"
"concrete","watch",900,"relative_clause",8,"2"
"concrete","watch",2000,"relative_clause",8,"2"
"concrete","headphones",144,"relative_clause",6,"2"
"concrete","laptop",900,"relative_clause",6,"2"
"inductive","laptop",185,"relative_clause",7,"2"
"concrete","sweater",57,"relative_clause",4,"2"
"inductive","watch",1680,"relative_clause",3,"2"
"inductive","laptop",18.5,"relative_clause",8,"2"
"concrete","laptop",600,"relative_clause",5,"2"
"concrete","sweater",87,"relative_clause",6,"2"
"concrete","coffee maker",52,"relative_clause",6,"2"
"inductive","sweater",119.7,"relative_clause",3,"2"
"inductive","headphones",25.8,"relative_clause",7,"2"
"inductive","sweater",17.1,"relative_clause",8,"2"
"concrete","laptop",1250,"relative_clause",7,"2"
"inductive","coffee maker",200,"relative_clause",4,"2"
"concrete","watch",250,"relative_clause",3,"2"
"inductive","headphones",258,"relative_clause",7,"2"
"inductive","laptop",1850,"relative_clause",4,"2"
"inductive","watch",2400,"relative_clause",3,"2"
"inductive","headphones",129,"relative_clause",4,"2"
"concrete","headphones",24,"relative_clause",2,"2"
"inductive","sweater",171,"relative_clause",3,"2"
"concrete","headphones",234,"relative_clause",7,"2"
"concrete","coffee maker",124,"relative_clause",7,"2"
"inductive","coffee maker",2,"relative_clause",1,"2"
"concrete","sweater",36,"relative_clause",4,"2"
"inductive","coffee maker",20,"relative_clause",6,"2"
"concrete","watch",450,"relative_clause",6,"2"
"inductive","laptop",18.5,"relative_clause",8,"3"
"inductive","headphones",129,"relative_clause",1,"3"
"concrete","watch",450,"relative_clause",6,"3"
"inductive","laptop",925,"relative_clause",1,"3"
"concrete","headphones",96,"relative_clause",7,"3"
"inductive","coffee maker",20,"relative_clause",4,"3"
"inductive","watch",1680,"relative_clause",7,"3"
"concrete","headphones",60,"relative_clause",5,"3"
"inductive","headphones",180.6,"relative_clause",4,"3"
"inductive","sweater",119.7,"relative_clause",3,"3"
"concrete","coffee maker",52,"relative_clause",3,"3"
"inductive","sweater",17.1,"relative_clause",8,"3"
"inductive","laptop",1295,"relative_clause",2,"3"
"concrete","sweater",36,"relative_clause",2,"3"
"concrete","laptop",900,"relative_clause",5,"3"
"concrete","coffee maker",124,"relative_clause",7,"3"
"concrete","headphones",24,"relative_clause",2,"3"
"concrete","sweater",150,"relative_clause",7,"3"
"concrete","headphones",234,"relative_clause",8,"3"
"inductive","sweater",1.71,"relative_clause",8,"3"
"concrete","coffee maker",24,"relative_clause",1,"3"
"inductive","watch",1200,"relative_clause",6,"3"
"concrete","laptop",350,"relative_clause",1,"3"
"concrete","watch",2000,"relative_clause",7,"3"
"concrete","sweater",18,"relative_clause",1,"3"
"concrete","laptop",1250,"relative_clause",6,"3"
"concrete","watch",900,"relative_clause",6,"3"
"inductive","coffee maker",100,"relative_clause",4,"3"
"inductive","coffee maker",140,"relative_clause",4,"3"
"concrete","sweater",57,"relative_clause",3,"3"
"concrete","headphones",144,"relative_clause",6,"3"
"inductive","laptop",1850,"relative_clause",2,"3"
"inductive","headphones",2.58,"relative_clause",8,"3"
"inductive","sweater",171,"relative_clause",3,"3"
"concrete","watch",100,"relative_clause",5,"3"
"concrete","laptop",600,"relative_clause",5,"3"
"concrete","laptop",1850,"relative_clause",7,"3"
"concrete","watch",250,"relative_clause",5,"3"
"inductive","laptop",185,"relative_clause",6,"3"
"inductive","headphones",25.8,"relative_clause",7,"3"
"inductive","coffee maker",2,"relative_clause",9,"3"
"concrete","coffee maker",188,"relative_clause",8,"3"
"inductive","watch",2400,"relative_clause",6,"3"
"concrete","sweater",87,"relative_clause",6,"3"
"inductive","sweater",85.5,"relative_clause",2,"3"
"inductive","headphones",258,"relative_clause",2,"3"
"inductive","coffee maker",200,"relative_clause",2,"3"
"inductive","watch",240,"relative_clause",6,"3"
"inductive","watch",24,"relative_clause",8,"3"
"concrete","coffee maker",84,"relative_clause",7,"3"
"inductive","laptop",185,"relative_clause",8,"4"
"inductive","coffee maker",2,"relative_clause",9,"4"
"inductive","sweater",85.5,"relative_clause",5,"4"
"inductive","sweater",119.7,"relative_clause",6,"4"
"inductive","coffee maker",200,"relative_clause",7,"4"
"inductive","sweater",17.1,"relative_clause",9,"4"
"concrete","sweater",150,"relative_clause",9,"4"
"concrete","headphones",234,"relative_clause",9,"4"
"inductive","coffee maker",20,"relative_clause",9,"4"
"inductive","headphones",180.6,"relative_clause",7,"4"
"inductive","headphones",258,"relative_clause",6,"4"
"inductive","watch",1200,"relative_clause",5,"4"
"concrete","laptop",1250,"relative_clause",8,"4"
"inductive","headphones",25.8,"relative_clause",9,"4"
"inductive","laptop",18.5,"relative_clause",9,"4"
"inductive","watch",2400,"relative_clause",5,"4"
"concrete","laptop",600,"relative_clause",5,"4"
"concrete","coffee maker",52,"relative_clause",5,"4"
"concrete","coffee maker",24,"relative_clause",2,"4"
"concrete","headphones",24,"relative_clause",2,"4"
"inductive","coffee maker",100,"relative_clause",6,"4"
"concrete","watch",450,"relative_clause",9,"4"
"inductive","sweater",171,"relative_clause",7,"4"
"concrete","coffee maker",84,"relative_clause",5,"4"
"inductive","headphones",2.58,"relative_clause",9,"4"
"concrete","coffee maker",188,"relative_clause",9,"4"
"inductive","laptop",925,"relative_clause",6,"4"
"concrete","sweater",57,"relative_clause",5,"4"
"concrete","coffee maker",124,"relative_clause",7,"4"
"inductive","laptop",1295,"relative_clause",5,"4"
"inductive","watch",240,"relative_clause",6,"4"
"inductive","coffee maker",140,"relative_clause",5,"4"
"concrete","watch",250,"relative_clause",9,"4"
"concrete","watch",2000,"relative_clause",9,"4"
"concrete","headphones",96,"relative_clause",8,"4"
"concrete","laptop",1850,"relative_clause",9,"4"
"inductive","laptop",1850,"relative_clause",5,"4"
"inductive","headphones",129,"relative_clause",6,"4"
"inductive","watch",24,"relative_clause",9,"4"
"concrete","headphones",144,"relative_clause",7,"4"
"concrete","sweater",18,"relative_clause",1,"4"
"concrete","laptop",900,"relative_clause",6,"4"
"concrete","watch",900,"relative_clause",9,"4"
"inductive","watch",1680,"relative_clause",5,"4"
"concrete","laptop",350,"relative_clause",2,"4"
"concrete","watch",100,"relative_clause",5,"4"
"inductive","sweater",1.71,"relative_clause",9,"4"
"concrete","sweater",87,"relative_clause",5,"4"
"concrete","sweater",36,"relative_clause",3,"4"
"concrete","headphones",60,"relative_clause",6,"4"
"concrete","laptop",900,"relative_clause",7,"5"
"concrete","headphones",24,"relative_clause",1,"5"
"inductive","headphones",129,"relative_clause",7,"5"
"inductive","headphones",2.58,"relative_clause",6,"5"
"inductive","sweater",85.5,"relative_clause",7,"5"
"concrete","watch",450,"relative_clause",8,"5"
"inductive","watch",2400,"relative_clause",1,"5"
"inductive","coffee maker",2,"relative_clause",8,"5"
"inductive","headphones",25.8,"relative_clause",6,"5"
"concrete","headphones",234,"relative_clause",9,"5"
"inductive","sweater",119.7,"relative_clause",1,"5"
"concrete","sweater",36,"relative_clause",1,"5"
"concrete","coffee maker",124,"relative_clause",9,"5"
"inductive","laptop",1295,"relative_clause",2,"5"
"concrete","headphones",60,"relative_clause",2,"5"
"inductive","headphones",180.6,"relative_clause",1,"5"
"concrete","watch",900,"relative_clause",8,"5"
"concrete","sweater",18,"relative_clause",1,"5"
"inductive","laptop",18.5,"relative_clause",9,"5"
"inductive","watch",1680,"relative_clause",2,"5"
"concrete","sweater",87,"relative_clause",2,"5"
"inductive","headphones",258,"relative_clause",1,"5"
"inductive","coffee maker",100,"relative_clause",1,"5"
"concrete","headphones",144,"relative_clause",7,"5"
"concrete","laptop",1250,"relative_clause",9,"5"
"inductive","sweater",1.71,"relative_clause",9,"5"
"inductive","watch",24,"relative_clause",9,"5"
"inductive","sweater",17.1,"relative_clause",8,"5"
"concrete","sweater",150,"relative_clause",9,"5"
"inductive","laptop",185,"relative_clause",7,"5"
"concrete","sweater",57,"relative_clause",1,"5"
"inductive","watch",1200,"relative_clause",1,"5"
"concrete","watch",100,"relative_clause",4,"5"
"inductive","watch",240,"relative_clause",6,"5"
"inductive","sweater",171,"relative_clause",1,"5"
"concrete","coffee maker",52,"relative_clause",1,"5"
"concrete","coffee maker",84,"relative_clause",3,"5"
"concrete","laptop",350,"relative_clause",1,"5"
"concrete","laptop",600,"relative_clause",3,"5"
"concrete","headphones",96,"relative_clause",4,"5"
"inductive","laptop",925,"relative_clause",1,"5"
"concrete","coffee maker",24,"relative_clause",1,"5"
"inductive","coffee maker",140,"relative_clause",1,"5"
"concrete","watch",2000,"relative_clause",9,"5"
"concrete","laptop",1850,"relative_clause",9,"5"
"concrete","watch",250,"relative_clause",6,"5"
"inductive","coffee maker",20,"relative_clause",1,"5"
"inductive","coffee maker",200,"relative_clause",1,"5"
"concrete","coffee maker",188,"relative_clause",1,"5"
"inductive","laptop",1850,"relative_clause",1,"5"
"concrete","watch",2000,"relative_clause",9,"6"
"inductive","coffee maker",20,"relative_clause",4,"6"
"inductive","coffee maker",100,"relative_clause",2,"6"
"concrete","coffee maker",124,"relative_clause",9,"6"
"inductive","headphones",2.58,"relative_clause",9,"6"
"inductive","sweater",1.71,"relative_clause",9,"6"
"inductive","laptop",18.5,"relative_clause",9,"6"
"inductive","coffee maker",2,"relative_clause",9,"6"
"inductive","sweater",171,"relative_clause",1,"6"
"inductive","watch",240,"relative_clause",6,"6"
"inductive","headphones",129,"relative_clause",2,"6"
"inductive","headphones",25.8,"relative_clause",6,"6"
"inductive","laptop",1295,"relative_clause",1,"6"
"concrete","laptop",1250,"relative_clause",7,"6"
"concrete","sweater",18,"relative_clause",1,"6"
"concrete","headphones",234,"relative_clause",9,"6"
"concrete","watch",450,"relative_clause",7,"6"
"concrete","coffee maker",84,"relative_clause",7,"6"
"concrete","laptop",1850,"relative_clause",9,"6"
"concrete","laptop",350,"relative_clause",1,"6"
"inductive","sweater",17.1,"relative_clause",8,"6"
"concrete","headphones",60,"relative_clause",2,"6"
"inductive","laptop",925,"relative_clause",2,"6"
"concrete","laptop",600,"relative_clause",2,"6"
"concrete","laptop",900,"relative_clause",4,"6"
"concrete","coffee maker",188,"relative_clause",9,"6"
"concrete","watch",100,"relative_clause",1,"6"
"inductive","sweater",119.7,"relative_clause",1,"6"
"inductive","watch",1680,"relative_clause",2,"6"
"inductive","coffee maker",200,"relative_clause",1,"6"
"concrete","sweater",36,"relative_clause",1,"6"
"concrete","sweater",57,"relative_clause",5,"6"
"inductive","headphones",180.6,"relative_clause",2,"6"
"inductive","laptop",185,"relative_clause",5,"6"
"concrete","watch",900,"relative_clause",8,"6"
"inductive","watch",2400,"relative_clause",1,"6"
"concrete","coffee maker",52,"relative_clause",4,"6"
"concrete","sweater",150,"relative_clause",9,"6"
"inductive","watch",24,"relative_clause",9,"6"
"concrete","headphones",24,"relative_clause",1,"6"
"concrete","watch",250,"relative_clause",3,"6"
"inductive","headphones",258,"relative_clause",2,"6"
"concrete","headphones",144,"relative_clause",7,"6"
"inductive","sweater",85.5,"relative_clause",4,"6"
"concrete","coffee maker",24,"relative_clause",1,"6"
"concrete","headphones",96,"relative_clause",6,"6"
"inductive","watch",1200,"relative_clause",3,"6"
"concrete","sweater",87,"relative_clause",6,"6"
"inductive","coffee maker",140,"relative_clause",2,"6"
"inductive","laptop",1850,"relative_clause",1,"6"
"inductive","coffee maker",140,"relative_clause",3,"7"
"inductive","laptop",185,"relative_clause",7,"7"
"inductive","watch",2400,"relative_clause",7,"7"
"concrete","sweater",150,"relative_clause",8,"7"
"inductive","sweater",171,"relative_clause",3,"7"
"inductive","laptop",1850,"relative_clause",1,"7"
"concrete","laptop",350,"relative_clause",2,"7"
"inductive","laptop",1295,"relative_clause",2,"7"
"concrete","sweater",36,"relative_clause",2,"7"
"concrete","laptop",1850,"relative_clause",8,"7"
"concrete","coffee maker",124,"relative_clause",5,"7"
"concrete","headphones",144,"relative_clause",2,"7"
"concrete","watch",2000,"relative_clause",5,"7"
"concrete","sweater",18,"relative_clause",1,"7"
"inductive","watch",240,"relative_clause",8,"7"
"concrete","headphones",60,"relative_clause",1,"7"
"inductive","headphones",180.6,"relative_clause",2,"7"
"inductive","sweater",119.7,"relative_clause",2,"7"
"concrete","watch",100,"relative_clause",3,"7"
"concrete","sweater",87,"relative_clause",6,"7"
"inductive","watch",1200,"relative_clause",6,"7"
"concrete","coffee maker",188,"relative_clause",5,"7"
"inductive","laptop",925,"relative_clause",4,"7"
"inductive","watch",1680,"relative_clause",7,"7"
"concrete","watch",250,"relative_clause",4,"7"
"inductive","sweater",17.1,"relative_clause",9,"7"
"concrete","headphones",234,"relative_clause",2,"7"
"inductive","sweater",85.5,"relative_clause",2,"7"
"concrete","sweater",57,"relative_clause",4,"7"
"inductive","coffee maker",100,"relative_clause",7,"7"
"concrete","headphones",96,"relative_clause",2,"7"
"inductive","coffee maker",200,"relative_clause",5,"7"
"concrete","watch",450,"relative_clause",5,"7"
"concrete","laptop",600,"relative_clause",5,"7"
"inductive","sweater",1.71,"relative_clause",9,"7"
"concrete","laptop",1250,"relative_clause",7,"7"
"concrete","coffee maker",24,"relative_clause",1,"7"
"concrete","watch",900,"relative_clause",6,"7"
"inductive","coffee maker",20,"relative_clause",9,"7"
"inductive","headphones",258,"relative_clause",2,"7"
"inductive","watch",24,"relative_clause",9,"7"
"inductive","headphones",2.58,"relative_clause",9,"7"
"concrete","coffee maker",84,"relative_clause",4,"7"
"inductive","headphones",25.8,"relative_clause",2,"7"
"concrete","headphones",24,"relative_clause",1,"7"
"inductive","headphones",129,"relative_clause",2,"7"
"concrete","coffee maker",52,"relative_clause",3,"7"
"concrete","laptop",900,"relative_clause",5,"7"
"inductive","laptop",18.5,"relative_clause",9,"7"
"inductive","coffee maker",2,"relative_clause",9,"7"
"inductive","sweater",85.5,"relative_clause",5,"8"
"inductive","coffee maker",2,"relative_clause",5,"8"
"inductive","coffee maker",140,"relative_clause",4,"8"
"inductive","sweater",17.1,"relative_clause",3,"8"
"concrete","coffee maker",24,"relative_clause",1,"8"
"concrete","laptop",900,"relative_clause",5,"8"
"concrete","coffee maker",52,"relative_clause",5,"8"
"inductive","watch",2400,"relative_clause",5,"8"
"inductive","headphones",25.8,"relative_clause",6,"8"
"inductive","coffee maker",20,"relative_clause",5,"8"
"concrete","sweater",87,"relative_clause",6,"8"
"inductive","sweater",1.71,"relative_clause",5,"8"
"concrete","laptop",1250,"relative_clause",8,"8"
"concrete","sweater",36,"relative_clause",2,"8"
"concrete","watch",900,"relative_clause",9,"8"
"concrete","headphones",60,"relative_clause",5,"8"
"inductive","coffee maker",100,"relative_clause",5,"8"
"inductive","watch",1680,"relative_clause",5,"8"
"concrete","watch",2000,"relative_clause",8,"8"
"inductive","watch",24,"relative_clause",5,"8"
"inductive","laptop",1850,"relative_clause",5,"8"
"inductive","watch",1200,"relative_clause",4,"8"
"concrete","headphones",24,"relative_clause",1,"8"
"inductive","laptop",1295,"relative_clause",4,"8"
"inductive","laptop",185,"relative_clause",6,"8"
"inductive","watch",240,"relative_clause",7,"8"
"inductive","headphones",180.6,"relative_clause",7,"8"
"concrete","sweater",18,"relative_clause",1,"8"
"inductive","sweater",171,"relative_clause",5,"8"
"concrete","watch",450,"relative_clause",8,"8"
"inductive","laptop",18.5,"relative_clause",5,"8"
"concrete","laptop",600,"relative_clause",3,"8"
"concrete","watch",100,"relative_clause",3,"8"
"concrete","headphones",234,"relative_clause",6,"8"
"concrete","laptop",1850,"relative_clause",9,"8"
"concrete","headphones",96,"relative_clause",6,"8"
"inductive","headphones",129,"relative_clause",5,"8"
"concrete","headphones",144,"relative_clause",7,"8"
"inductive","headphones",258,"relative_clause",5,"8"
"concrete","watch",250,"relative_clause",7,"8"
"concrete","coffee maker",84,"relative_clause",5,"8"
"inductive","headphones",2.58,"relative_clause",6,"8"
"concrete","coffee maker",188,"relative_clause",7,"8"
"concrete","sweater",57,"relative_clause",5,"8"
"inductive","sweater",119.7,"relative_clause",5,"8"
"concrete","sweater",150,"relative_clause",7,"8"
"inductive","coffee maker",200,"relative_clause",4,"8"
"inductive","laptop",925,"relative_clause",5,"8"
"concrete","coffee maker",124,"relative_clause",6,"8"
"concrete","laptop",350,"relative_clause",1,"8"
"concrete","laptop",350,"relative_clause",5,"9"
"concrete","headphones",60,"relative_clause",9,"9"
"concrete","coffee maker",124,"relative_clause",4,"9"
"concrete","laptop",900,"relative_clause",9,"9"
"concrete","sweater",57,"relative_clause",2,"9"
"concrete","watch",450,"relative_clause",6,"9"
"concrete","headphones",96,"relative_clause",9,"9"
"concrete","watch",100,"relative_clause",1,"9"
"inductive","laptop",185,"relative_clause",7,"9"
"inductive","coffee maker",2,"relative_clause",9,"9"
"inductive","coffee maker",100,"relative_clause",2,"9"
"concrete","coffee maker",52,"relative_clause",1,"9"
"inductive","laptop",1850,"relative_clause",9,"9"
"concrete","watch",2000,"relative_clause",9,"9"
"concrete","watch",250,"relative_clause",6,"9"
"concrete","laptop",600,"relative_clause",7,"9"
"concrete","laptop",1850,"relative_clause",9,"9"
"inductive","coffee maker",200,"relative_clause",1,"9"
"inductive","watch",1200,"relative_clause",1,"9"
"concrete","headphones",144,"relative_clause",9,"9"
"inductive","sweater",119.7,"relative_clause",3,"9"
"concrete","coffee maker",84,"relative_clause",1,"9"
"inductive","sweater",1.71,"relative_clause",9,"9"
"concrete","sweater",150,"relative_clause",5,"9"
"inductive","sweater",85.5,"relative_clause",2,"9"
"concrete","headphones",24,"relative_clause",1,"9"
"concrete","headphones",234,"relative_clause",9,"9"
"inductive","headphones",180.6,"relative_clause",1,"9"
"inductive","laptop",18.5,"relative_clause",9,"9"
"inductive","laptop",925,"relative_clause",1,"9"
"concrete","laptop",1250,"relative_clause",9,"9"
"concrete","watch",900,"relative_clause",9,"9"
"inductive","laptop",1295,"relative_clause",1,"9"
"inductive","coffee maker",20,"relative_clause",7,"9"
"concrete","sweater",87,"relative_clause",6,"9"
"inductive","headphones",129,"relative_clause",2,"9"
"inductive","headphones",2.58,"relative_clause",9,"9"
"inductive","coffee maker",140,"relative_clause",1,"9"
"inductive","watch",24,"relative_clause",7,"9"
"inductive","watch",240,"relative_clause",5,"9"
"inductive","watch",1680,"relative_clause",1,"9"
"inductive","sweater",171,"relative_clause",1,"9"
"inductive","headphones",258,"relative_clause",1,"9"
"concrete","sweater",36,"relative_clause",3,"9"
"inductive","watch",2400,"relative_clause",1,"9"
"inductive","sweater",17.1,"relative_clause",9,"9"
"concrete","sweater",18,"relative_clause",1,"9"
"concrete","coffee maker",188,"relative_clause",7,"9"
"concrete","coffee maker",24,"relative_clause",1,"9"
"inductive","headphones",25.8,"relative_clause",1,"9"
"inductive","watch",2400,"relative_clause",1,"10"
"concrete","watch",2000,"relative_clause",9,"10"
"concrete","laptop",600,"relative_clause",1,"10"
"concrete","watch",100,"relative_clause",6,"10"
"concrete","sweater",87,"relative_clause",6,"10"
"concrete","coffee maker",84,"relative_clause",7,"10"
"inductive","headphones",258,"relative_clause",9,"10"
"concrete","headphones",60,"relative_clause",2,"10"
"inductive","headphones",25.8,"relative_clause",1,"10"
"inductive","coffee maker",140,"relative_clause",6,"10"
"concrete","sweater",18,"relative_clause",1,"10"
"inductive","watch",1680,"relative_clause",9,"10"
"inductive","laptop",925,"relative_clause",3,"10"
"inductive","sweater",17.1,"relative_clause",1,"10"
"inductive","headphones",180.6,"relative_clause",6,"10"
"inductive","sweater",171,"relative_clause",9,"10"
"inductive","sweater",1.71,"relative_clause",1,"10"
"inductive","coffee maker",20,"relative_clause",1,"10"
"inductive","watch",1200,"relative_clause",4,"10"
"concrete","headphones",234,"relative_clause",9,"10"
"inductive","headphones",2.58,"relative_clause",1,"10"
"concrete","laptop",900,"relative_clause",5,"10"
"concrete","headphones",144,"relative_clause",9,"10"
"inductive","sweater",85.5,"relative_clause",6,"10"
"concrete","watch",250,"relative_clause",9,"10"
"concrete","watch",450,"relative_clause",9,"10"
"concrete","sweater",150,"relative_clause",9,"10"
"inductive","coffee maker",100,"relative_clause",4,"10"
"concrete","coffee maker",124,"relative_clause",9,"10"
"concrete","headphones",24,"relative_clause",1,"10"
"concrete","watch",900,"relative_clause",9,"10"
"inductive","laptop",1850,"relative_clause",8,"10"
"concrete","coffee maker",52,"relative_clause",1,"10"
"concrete","laptop",1850,"relative_clause",9,"10"
"inductive","coffee maker",200,"relative_clause",5,"10"
"concrete","sweater",36,"relative_clause",1,"10"
"concrete","sweater",57,"relative_clause",2,"10"
"concrete","coffee maker",188,"relative_clause",9,"10"
"inductive","laptop",185,"relative_clause",1,"10"
"concrete","headphones",96,"relative_clause",9,"10"
"concrete","laptop",350,"relative_clause",1,"10"
"inductive","coffee maker",2,"relative_clause",1,"10"
"inductive","headphones",129,"relative_clause",1,"10"
"inductive","laptop",1295,"relative_clause",7,"10"
"inductive","laptop",18.5,"relative_clause",1,"10"
"concrete","coffee maker",24,"relative_clause",1,"10"
"inductive","watch",240,"relative_clause",9,"10"
"inductive","sweater",119.7,"relative_clause",9,"10"
"inductive","watch",24,"relative_clause",1,"10"
"concrete","laptop",1250,"relative_clause",7,"10"
"concrete","headphones",144,"relative_clause",9,"11"
"concrete","watch",450,"relative_clause",9,"11"
"concrete","watch",100,"relative_clause",5,"11"
"inductive","laptop",1295,"relative_clause",1,"11"
"inductive","sweater",1.71,"relative_clause",9,"11"
"concrete","laptop",350,"relative_clause",8,"11"
"inductive","sweater",17.1,"relative_clause",9,"11"
"inductive","laptop",1850,"relative_clause",1,"11"
"concrete","coffee maker",52,"relative_clause",6,"11"
"concrete","watch",250,"relative_clause",7,"11"
"inductive","coffee maker",100,"relative_clause",5,"11"
"concrete","laptop",1850,"relative_clause",9,"11"
"concrete","laptop",1250,"relative_clause",9,"11"
"concrete","sweater",36,"relative_clause",2,"11"
"concrete","watch",900,"relative_clause",9,"11"
"inductive","headphones",25.8,"relative_clause",8,"11"
"inductive","watch",1680,"relative_clause",5,"11"
"inductive","laptop",185,"relative_clause",8,"11"
"inductive","sweater",119.7,"relative_clause",6,"11"
"inductive","watch",1200,"relative_clause",6,"11"
"concrete","sweater",18,"relative_clause",1,"11"
"concrete","sweater",150,"relative_clause",9,"11"
"inductive","coffee maker",200,"relative_clause",5,"11"
"inductive","headphones",258,"relative_clause",3,"11"
"concrete","headphones",96,"relative_clause",8,"11"
"inductive","headphones",180.6,"relative_clause",2,"11"
"inductive","laptop",925,"relative_clause",7,"11"
"concrete","laptop",900,"relative_clause",9,"11"
"concrete","coffee maker",188,"relative_clause",9,"11"
"inductive","coffee maker",2,"relative_clause",9,"11"
"inductive","coffee maker",20,"relative_clause",8,"11"
"concrete","sweater",87,"relative_clause",9,"11"
"inductive","watch",24,"relative_clause",9,"11"
"inductive","sweater",85.5,"relative_clause",3,"11"
"concrete","coffee maker",124,"relative_clause",9,"11"
"inductive","sweater",171,"relative_clause",2,"11"
"inductive","watch",240,"relative_clause",7,"11"
"inductive","watch",2400,"relative_clause",3,"11"
"inductive","laptop",18.5,"relative_clause",9,"11"
"inductive","headphones",2.58,"relative_clause",9,"11"
"inductive","coffee maker",140,"relative_clause",3,"11"
"concrete","sweater",57,"relative_clause",5,"11"
"concrete","coffee maker",24,"relative_clause",1,"11"
"inductive","headphones",129,"relative_clause",3,"11"
"concrete","laptop",600,"relative_clause",8,"11"
"concrete","headphones",234,"relative_clause",9,"11"
"concrete","watch",2000,"relative_clause",9,"11"
"concrete","coffee maker",84,"relative_clause",8,"11"
"concrete","headphones",24,"relative_clause",1,"11"
"concrete","headphones",60,"relative_clause",5,"11"
"inductive","coffee maker",100,"relative_clause",2,"12"
"inductive","sweater",17.1,"relative_clause",3,"12"
"concrete","laptop",1850,"relative_clause",8,"12"
"concrete","headphones",24,"relative_clause",2,"12"
"inductive","headphones",129,"relative_clause",4,"12"
"concrete","laptop",1250,"relative_clause",8,"12"
"inductive","watch",1680,"relative_clause",5,"12"
"inductive","watch",2400,"relative_clause",5,"12"
"concrete","headphones",234,"relative_clause",9,"12"
"inductive","sweater",85.5,"relative_clause",3,"12"
"concrete","sweater",150,"relative_clause",6,"12"
"concrete","coffee maker",24,"relative_clause",5,"12"
"inductive","watch",1200,"relative_clause",5,"12"
"concrete","coffee maker",52,"relative_clause",6,"12"
"concrete","watch",450,"relative_clause",2,"12"
"concrete","watch",100,"relative_clause",1,"12"
"concrete","sweater",36,"relative_clause",4,"12"
"inductive","headphones",180.6,"relative_clause",3,"12"
"inductive","laptop",1295,"relative_clause",3,"12"
"inductive","laptop",18.5,"relative_clause",7,"12"
"inductive","sweater",171,"relative_clause",2,"12"
"inductive","headphones",25.8,"relative_clause",4,"12"
"concrete","laptop",350,"relative_clause",3,"12"
"concrete","headphones",60,"relative_clause",6,"12"
"inductive","coffee maker",140,"relative_clause",3,"12"
"concrete","sweater",57,"relative_clause",5,"12"
"concrete","coffee maker",84,"relative_clause",7,"12"
"inductive","headphones",258,"relative_clause",3,"12"
"inductive","watch",240,"relative_clause",5,"12"
"inductive","laptop",1850,"relative_clause",2,"12"
"inductive","watch",24,"relative_clause",7,"12"
"inductive","coffee maker",2,"relative_clause",5,"12"
"concrete","headphones",144,"relative_clause",7,"12"
"inductive","coffee maker",200,"relative_clause",4,"12"
"concrete","sweater",18,"relative_clause",2,"12"
"concrete","watch",900,"relative_clause",6,"12"
"concrete","watch",250,"relative_clause",4,"12"
"concrete","headphones",96,"relative_clause",8,"12"
"inductive","sweater",1.71,"relative_clause",7,"12"
"inductive","laptop",925,"relative_clause",5,"12"
"concrete","sweater",87,"relative_clause",6,"12"
"concrete","coffee maker",124,"relative_clause",8,"12"
"concrete","laptop",900,"relative_clause",6,"12"
"concrete","laptop",600,"relative_clause",5,"12"
"inductive","headphones",2.58,"relative_clause",5,"12"
"inductive","coffee maker",20,"relative_clause",3,"12"
"concrete","watch",2000,"relative_clause",8,"12"
"inductive","sweater",119.7,"relative_clause",3,"12"
"concrete","coffee maker",188,"relative_clause",8,"12"
"inductive","laptop",185,"relative_clause",6,"12"
"concrete","coffee maker",124,"relative_clause",7,"13"
"concrete","watch",900,"relative_clause",9,"13"
"concrete","sweater",150,"relative_clause",9,"13"
"concrete","laptop",1850,"relative_clause",8,"13"
"concrete","watch",250,"relative_clause",9,"13"
"inductive","sweater",119.7,"relative_clause",5,"13"
"concrete","watch",450,"relative_clause",9,"13"
"inductive","laptop",18.5,"relative_clause",7,"13"
"concrete","headphones",60,"relative_clause",6,"13"
"concrete","coffee maker",188,"relative_clause",9,"13"
"concrete","laptop",350,"relative_clause",2,"13"
"concrete","coffee maker",84,"relative_clause",4,"13"
"inductive","watch",1680,"relative_clause",5,"13"
"inductive","coffee maker",2,"relative_clause",8,"13"
"inductive","headphones",129,"relative_clause",6,"13"
"concrete","headphones",96,"relative_clause",8,"13"
"concrete","coffee maker",52,"relative_clause",2,"13"
"concrete","sweater",87,"relative_clause",6,"13"
"concrete","headphones",144,"relative_clause",9,"13"
"inductive","headphones",258,"relative_clause",5,"13"
"inductive","sweater",85.5,"relative_clause",5,"13"
"inductive","watch",24,"relative_clause",8,"13"
"concrete","sweater",57,"relative_clause",6,"13"
"concrete","sweater",36,"relative_clause",4,"13"
"concrete","headphones",24,"relative_clause",2,"13"
"inductive","watch",240,"relative_clause",5,"13"
"inductive","laptop",1850,"relative_clause",5,"13"
"inductive","coffee maker",140,"relative_clause",5,"13"
"inductive","sweater",1.71,"relative_clause",9,"13"
"concrete","laptop",1250,"relative_clause",6,"13"
"inductive","headphones",2.58,"relative_clause",8,"13"
"inductive","watch",2400,"relative_clause",5,"13"
"inductive","watch",1200,"relative_clause",5,"13"
"inductive","sweater",17.1,"relative_clause",5,"13"
"inductive","laptop",1295,"relative_clause",5,"13"
"inductive","coffee maker",20,"relative_clause",5,"13"
"concrete","laptop",600,"relative_clause",4,"13"
"inductive","headphones",180.6,"relative_clause",5,"13"
"inductive","sweater",171,"relative_clause",5,"13"
"inductive","laptop",925,"relative_clause",5,"13"
"concrete","watch",2000,"relative_clause",9,"13"
"inductive","coffee maker",200,"relative_clause",5,"13"
"concrete","coffee maker",24,"relative_clause",1,"13"
"inductive","coffee maker",100,"relative_clause",5,"13"
"concrete","sweater",18,"relative_clause",1,"13"
"inductive","headphones",25.8,"relative_clause",5,"13"
"concrete","headphones",234,"relative_clause",9,"13"
"concrete","watch",100,"relative_clause",7,"13"
"inductive","laptop",185,"relative_clause",5,"13"
"concrete","laptop",900,"relative_clause",7,"13"
"inductive","watch",240,"relative_clause",2,"14"
"inductive","laptop",1295,"relative_clause",1,"14"
"inductive","watch",2400,"relative_clause",1,"14"
"inductive","sweater",119.7,"relative_clause",1,"14"
"concrete","sweater",57,"relative_clause",7,"14"
"inductive","laptop",18.5,"relative_clause",9,"14"
"inductive","sweater",17.1,"relative_clause",9,"14"
"concrete","headphones",96,"relative_clause",9,"14"
"inductive","headphones",2.58,"relative_clause",9,"14"
"inductive","headphones",25.8,"relative_clause",6,"14"
"concrete","headphones",144,"relative_clause",9,"14"
"inductive","headphones",258,"relative_clause",1,"14"
"inductive","watch",1680,"relative_clause",1,"14"
"inductive","laptop",185,"relative_clause",9,"14"
"concrete","sweater",36,"relative_clause",4,"14"
"inductive","sweater",85.5,"relative_clause",2,"14"
"concrete","headphones",60,"relative_clause",7,"14"
"concrete","headphones",234,"relative_clause",9,"14"
"inductive","sweater",1.71,"relative_clause",9,"14"
"concrete","laptop",1850,"relative_clause",9,"14"
"inductive","coffee maker",200,"relative_clause",2,"14"
"concrete","sweater",150,"relative_clause",9,"14"
"concrete","coffee maker",24,"relative_clause",1,"14"
"concrete","laptop",1250,"relative_clause",9,"14"
"inductive","sweater",171,"relative_clause",1,"14"
"concrete","watch",100,"relative_clause",6,"14"
"inductive","coffee maker",140,"relative_clause",1,"14"
"inductive","headphones",180.6,"relative_clause",1,"14"
"concrete","sweater",18,"relative_clause",2,"14"
"inductive","watch",24,"relative_clause",9,"14"
"inductive","laptop",925,"relative_clause",1,"14"
"inductive","coffee maker",20,"relative_clause",9,"14"
"inductive","coffee maker",2,"relative_clause",9,"14"
"concrete","watch",2000,"relative_clause",9,"14"
"concrete","laptop",900,"relative_clause",8,"14"
"concrete","coffee maker",84,"relative_clause",7,"14"
"concrete","coffee maker",52,"relative_clause",4,"14"
"concrete","watch",450,"relative_clause",9,"14"
"concrete","sweater",87,"relative_clause",9,"14"
"concrete","coffee maker",188,"relative_clause",9,"14"
"concrete","laptop",600,"relative_clause",7,"14"
"inductive","watch",1200,"relative_clause",1,"14"
"inductive","laptop",1850,"relative_clause",1,"14"
"concrete","headphones",24,"relative_clause",1,"14"
"concrete","watch",250,"relative_clause",9,"14"
"concrete","watch",900,"relative_clause",9,"14"
"inductive","coffee maker",100,"relative_clause",1,"14"
"concrete","coffee maker",124,"relative_clause",9,"14"
"inductive","headphones",129,"relative_clause",1,"14"
"concrete","laptop",350,"relative_clause",5,"14"
"inductive","coffee maker",20,"relative_clause",7,"15"
"concrete","headphones",234,"relative_clause",8,"15"
"concrete","sweater",36,"relative_clause",6,"15"
"concrete","headphones",24,"relative_clause",5,"15"
"inductive","headphones",258,"relative_clause",7,"15"
"concrete","headphones",96,"relative_clause",5,"15"
"inductive","laptop",18.5,"relative_clause",7,"15"
"concrete","watch",100,"relative_clause",5,"15"
"inductive","sweater",1.71,"relative_clause",7,"15"
"inductive","watch",240,"relative_clause",5,"15"
"inductive","watch",2400,"relative_clause",7,"15"
"concrete","headphones",144,"relative_clause",4,"15"
"inductive","coffee maker",100,"relative_clause",7,"15"
"inductive","coffee maker",200,"relative_clause",5,"15"
"inductive","watch",1200,"relative_clause",7,"15"
"inductive","laptop",185,"relative_clause",4,"15"
"inductive","sweater",171,"relative_clause",7,"15"
"inductive","headphones",2.58,"relative_clause",4,"15"
"concrete","coffee maker",124,"relative_clause",7,"15"
"concrete","sweater",87,"relative_clause",4,"15"
"inductive","watch",1680,"relative_clause",5,"15"
"inductive","sweater",17.1,"relative_clause",4,"15"
"inductive","headphones",129,"relative_clause",7,"15"
"concrete","laptop",1850,"relative_clause",4,"15"
"concrete","sweater",18,"relative_clause",7,"15"
"concrete","watch",450,"relative_clause",5,"15"
"inductive","watch",24,"relative_clause",7,"15"
"concrete","coffee maker",188,"relative_clause",4,"15"
"concrete","watch",250,"relative_clause",7,"15"
"concrete","laptop",1250,"relative_clause",4,"15"
"concrete","coffee maker",24,"relative_clause",8,"15"
"concrete","coffee maker",52,"relative_clause",4,"15"
"concrete","watch",2000,"relative_clause",8,"15"
"inductive","sweater",119.7,"relative_clause",5,"15"
"inductive","laptop",1295,"relative_clause",7,"15"
"inductive","sweater",85.5,"relative_clause",4,"15"
"inductive","laptop",925,"relative_clause",8,"15"
"concrete","sweater",150,"relative_clause",6,"15"
"concrete","laptop",900,"relative_clause",4,"15"
"concrete","sweater",57,"relative_clause",7,"15"
"concrete","watch",900,"relative_clause",5,"15"
"concrete","laptop",350,"relative_clause",7,"15"
"concrete","laptop",600,"relative_clause",8,"15"
"inductive","coffee maker",2,"relative_clause",6,"15"
"inductive","headphones",25.8,"relative_clause",3,"15"
"inductive","coffee maker",140,"relative_clause",6,"15"
"inductive","laptop",1850,"relative_clause",5,"15"
"concrete","coffee maker",84,"relative_clause",7,"15"
"inductive","headphones",180.6,"relative_clause",7,"15"
"concrete","headphones",60,"relative_clause",6,"15"
"concrete","watch",450,"relative_clause",6,"16"
"concrete","coffee maker",124,"relative_clause",1,"16"
"concrete","watch",2000,"relative_clause",7,"16"
"inductive","headphones",258,"relative_clause",1,"16"
"inductive","sweater",85.5,"relative_clause",7,"16"
"inductive","watch",24,"relative_clause",9,"16"
"concrete","sweater",18,"relative_clause",1,"16"
"concrete","sweater",150,"relative_clause",8,"16"
"concrete","sweater",57,"relative_clause",6,"16"
"inductive","laptop",925,"relative_clause",6,"16"
"inductive","laptop",1850,"relative_clause",1,"16"
"concrete","laptop",900,"relative_clause",6,"16"
"inductive","coffee maker",100,"relative_clause",7,"16"
"inductive","watch",1200,"relative_clause",9,"16"
"concrete","coffee maker",24,"relative_clause",1,"16"
"inductive","coffee maker",20,"relative_clause",9,"16"
"inductive","coffee maker",140,"relative_clause",5,"16"
"concrete","sweater",36,"relative_clause",5,"16"
"inductive","watch",1680,"relative_clause",9,"16"
"concrete","coffee maker",188,"relative_clause",5,"16"
"concrete","headphones",234,"relative_clause",8,"16"
"concrete","headphones",60,"relative_clause",4,"16"
"concrete","headphones",144,"relative_clause",6,"16"
"inductive","sweater",119.7,"relative_clause",6,"16"
"concrete","laptop",350,"relative_clause",1,"16"
"concrete","watch",250,"relative_clause",4,"16"
"concrete","headphones",24,"relative_clause",2,"16"
"concrete","coffee maker",52,"relative_clause",3,"16"
"inductive","watch",2400,"relative_clause",8,"16"
"inductive","sweater",1.71,"relative_clause",9,"16"
"concrete","headphones",96,"relative_clause",5,"16"
"concrete","laptop",600,"relative_clause",4,"16"
"inductive","coffee maker",200,"relative_clause",3,"16"
"inductive","headphones",25.8,"relative_clause",9,"16"
"concrete","laptop",1850,"relative_clause",9,"16"
"inductive","laptop",185,"relative_clause",9,"16"
"concrete","laptop",1250,"relative_clause",7,"16"
"concrete","watch",900,"relative_clause",7,"16"
"inductive","sweater",171,"relative_clause",2,"16"
"inductive","sweater",17.1,"relative_clause",9,"16"
"concrete","coffee maker",84,"relative_clause",5,"16"
"inductive","coffee maker",2,"relative_clause",9,"16"
"inductive","headphones",180.6,"relative_clause",6,"16"
"inductive","laptop",18.5,"relative_clause",9,"16"
"concrete","watch",100,"relative_clause",1,"16"
"inductive","headphones",129,"relative_clause",5,"16"
"inductive","headphones",2.58,"relative_clause",9,"16"
"concrete","sweater",87,"relative_clause",6,"16"
"inductive","watch",240,"relative_clause",9,"16"
"inductive","laptop",1295,"relative_clause",4,"16"
"concrete","sweater",57,"relative_clause",5,"17"
"inductive","headphones",2.58,"relative_clause",5,"17"
"concrete","sweater",87,"relative_clause",6,"17"
"concrete","sweater",150,"relative_clause",8,"17"
"inductive","laptop",1850,"relative_clause",1,"17"
"inductive","coffee maker",2,"relative_clause",8,"17"
"inductive","headphones",180.6,"relative_clause",4,"17"
"concrete","headphones",24,"relative_clause",3,"17"
"inductive","laptop",1295,"relative_clause",1,"17"
"concrete","headphones",234,"relative_clause",8,"17"
"concrete","watch",450,"relative_clause",8,"17"
"concrete","headphones",144,"relative_clause",6,"17"
"concrete","laptop",1250,"relative_clause",8,"17"
"inductive","watch",240,"relative_clause",6,"17"
"inductive","sweater",85.5,"relative_clause",5,"17"
"inductive","coffee maker",140,"relative_clause",4,"17"
"concrete","laptop",350,"relative_clause",1,"17"
"concrete","coffee maker",124,"relative_clause",6,"17"
"inductive","laptop",18.5,"relative_clause",5,"17"
"inductive","coffee maker",200,"relative_clause",3,"17"
"concrete","coffee maker",52,"relative_clause",2,"17"
"inductive","headphones",258,"relative_clause",3,"17"
"concrete","sweater",36,"relative_clause",3,"17"
"concrete","watch",2000,"relative_clause",9,"17"
"inductive","coffee maker",20,"relative_clause",5,"17"
"concrete","laptop",600,"relative_clause",4,"17"
"inductive","watch",24,"relative_clause",5,"17"
"inductive","headphones",129,"relative_clause",5,"17"
"inductive","sweater",171,"relative_clause",4,"17"
"concrete","headphones",96,"relative_clause",6,"17"
"concrete","sweater",18,"relative_clause",5,"17"
"inductive","coffee maker",100,"relative_clause",3,"17"
"concrete","laptop",900,"relative_clause",6,"17"
"concrete","watch",900,"relative_clause",8,"17"
"inductive","sweater",17.1,"relative_clause",5,"17"
"concrete","watch",250,"relative_clause",8,"17"
"concrete","laptop",1850,"relative_clause",9,"17"
"concrete","watch",100,"relative_clause",6,"17"
"concrete","headphones",60,"relative_clause",5,"17"
"inductive","sweater",119.7,"relative_clause",4,"17"
"concrete","coffee maker",188,"relative_clause",5,"17"
"inductive","watch",1680,"relative_clause",1,"17"
"inductive","laptop",925,"relative_clause",4,"17"
"inductive","headphones",25.8,"relative_clause",6,"17"
"concrete","coffee maker",24,"relative_clause",1,"17"
"inductive","watch",2400,"relative_clause",1,"17"
"concrete","coffee maker",84,"relative_clause",4,"17"
"inductive","laptop",185,"relative_clause",5,"17"
"inductive","watch",1200,"relative_clause",1,"17"
"inductive","sweater",1.71,"relative_clause",7,"17"
"inductive","coffee maker",20,"relative_clause",6,"18"
"concrete","coffee maker",124,"relative_clause",9,"18"
"inductive","watch",24,"relative_clause",9,"18"
"concrete","watch",900,"relative_clause",7,"18"
"inductive","watch",1200,"relative_clause",9,"18"
"inductive","laptop",185,"relative_clause",6,"18"
"concrete","coffee maker",188,"relative_clause",9,"18"
"inductive","coffee maker",140,"relative_clause",6,"18"
"inductive","headphones",180.6,"relative_clause",1,"18"
"inductive","sweater",171,"relative_clause",1,"18"
"concrete","laptop",1250,"relative_clause",7,"18"
"concrete","headphones",60,"relative_clause",5,"18"
"inductive","laptop",925,"relative_clause",1,"18"
"concrete","headphones",144,"relative_clause",8,"18"
"concrete","headphones",234,"relative_clause",9,"18"
"concrete","coffee maker",24,"relative_clause",1,"18"
"inductive","laptop",1850,"relative_clause",1,"18"
"concrete","sweater",87,"relative_clause",7,"18"
"inductive","headphones",25.8,"relative_clause",7,"18"
"inductive","watch",2400,"relative_clause",1,"18"
"concrete","watch",250,"relative_clause",1,"18"
"inductive","headphones",129,"relative_clause",6,"18"
"inductive","headphones",258,"relative_clause",1,"18"
"inductive","coffee maker",2,"relative_clause",9,"18"
"concrete","sweater",57,"relative_clause",5,"18"
"concrete","sweater",18,"relative_clause",1,"18"
"inductive","coffee maker",200,"relative_clause",1,"18"
"concrete","laptop",1850,"relative_clause",8,"18"
"concrete","laptop",900,"relative_clause",5,"18"
"concrete","watch",100,"relative_clause",1,"18"
"concrete","headphones",96,"relative_clause",6,"18"
"concrete","watch",2000,"relative_clause",8,"18"
"inductive","coffee maker",100,"relative_clause",3,"18"
"inductive","watch",1680,"relative_clause",1,"18"
"concrete","laptop",350,"relative_clause",1,"18"
"inductive","laptop",18.5,"relative_clause",9,"18"
"inductive","laptop",1295,"relative_clause",1,"18"
"inductive","sweater",85.5,"relative_clause",1,"18"
"inductive","sweater",119.7,"relative_clause",1,"18"
"inductive","headphones",2.58,"relative_clause",9,"18"
"concrete","watch",450,"relative_clause",5,"18"
"concrete","sweater",36,"relative_clause",1,"18"
"concrete","laptop",600,"relative_clause",1,"18"
"concrete","coffee maker",52,"relative_clause",5,"18"
"concrete","sweater",150,"relative_clause",9,"18"
"inductive","watch",240,"relative_clause",7,"18"
"inductive","sweater",17.1,"relative_clause",9,"18"
"concrete","headphones",24,"relative_clause",1,"18"
"concrete","coffee maker",84,"relative_clause",7,"18"
"inductive","sweater",1.71,"relative_clause",9,"18"
"inductive","sweater",85.5,"relative_clause",2,"19"
"inductive","headphones",2.58,"relative_clause",8,"19"
"inductive","headphones",180.6,"relative_clause",2,"19"
"inductive","watch",2400,"relative_clause",2,"19"
"concrete","laptop",900,"relative_clause",8,"19"
"concrete","watch",2000,"relative_clause",8,"19"
"inductive","sweater",1.71,"relative_clause",8,"19"
"concrete","coffee maker",84,"relative_clause",8,"19"
"inductive","coffee maker",2,"relative_clause",8,"19"
"inductive","laptop",185,"relative_clause",5,"19"
"concrete","sweater",87,"relative_clause",7,"19"
"inductive","laptop",1850,"relative_clause",2,"19"
"concrete","sweater",18,"relative_clause",1,"19"
"inductive","laptop",925,"relative_clause",2,"19"
"concrete","headphones",144,"relative_clause",7,"19"
"inductive","coffee maker",200,"relative_clause",3,"19"
"concrete","laptop",1850,"relative_clause",9,"19"
"concrete","laptop",600,"relative_clause",5,"19"
"inductive","watch",1680,"relative_clause",2,"19"
"concrete","sweater",57,"relative_clause",5,"19"
"concrete","headphones",60,"relative_clause",5,"19"
"inductive","sweater",171,"relative_clause",4,"19"
"inductive","headphones",25.8,"relative_clause",7,"19"
"concrete","coffee maker",52,"relative_clause",5,"19"
"inductive","headphones",129,"relative_clause",3,"19"
"inductive","watch",240,"relative_clause",5,"19"
"inductive","coffee maker",100,"relative_clause",5,"19"
"inductive","watch",1200,"relative_clause",2,"19"
"concrete","coffee maker",124,"relative_clause",7,"19"
"concrete","headphones",96,"relative_clause",6,"19"
"concrete","watch",100,"relative_clause",4,"19"
"concrete","watch",250,"relative_clause",5,"19"
"concrete","headphones",24,"relative_clause",3,"19"
"inductive","laptop",1295,"relative_clause",2,"19"
"concrete","sweater",150,"relative_clause",6,"19"
"concrete","coffee maker",24,"relative_clause",1,"19"
"concrete","coffee maker",188,"relative_clause",7,"19"
"concrete","watch",900,"relative_clause",7,"19"
"concrete","sweater",36,"relative_clause",3,"19"
"concrete","headphones",234,"relative_clause",7,"19"
"concrete","watch",450,"relative_clause",6,"19"
"inductive","watch",24,"relative_clause",7,"19"
"inductive","sweater",17.1,"relative_clause",8,"19"
"concrete","laptop",350,"relative_clause",2,"19"
"inductive","headphones",258,"relative_clause",3,"19"
"inductive","laptop",18.5,"relative_clause",8,"19"
"inductive","sweater",119.7,"relative_clause",3,"19"
"inductive","coffee maker",20,"relative_clause",8,"19"
"concrete","laptop",1250,"relative_clause",7,"19"
"inductive","coffee maker",140,"relative_clause",3,"19"
"inductive","watch",240,"relative_clause",5,"20"
"inductive","sweater",17.1,"relative_clause",9,"20"
"concrete","watch",450,"relative_clause",3,"20"
"inductive","watch",24,"relative_clause",9,"20"
"inductive","coffee maker",200,"relative_clause",2,"20"
"inductive","laptop",1295,"relative_clause",1,"20"
"concrete","headphones",144,"relative_clause",1,"20"
"concrete","coffee maker",52,"relative_clause",1,"20"
"inductive","watch",1200,"relative_clause",3,"20"
"inductive","sweater",119.7,"relative_clause",3,"20"
"inductive","headphones",2.58,"relative_clause",9,"20"
"concrete","watch",250,"relative_clause",1,"20"
"inductive","sweater",171,"relative_clause",1,"20"
"inductive","headphones",180.6,"relative_clause",1,"20"
"concrete","laptop",600,"relative_clause",1,"20"
"concrete","headphones",60,"relative_clause",1,"20"
"concrete","watch",900,"relative_clause",9,"20"
"inductive","laptop",925,"relative_clause",1,"20"
"inductive","headphones",258,"relative_clause",1,"20"
"concrete","laptop",1250,"relative_clause",2,"20"
"inductive","coffee maker",100,"relative_clause",3,"20"
"concrete","laptop",900,"relative_clause",2,"20"
"inductive","coffee maker",2,"relative_clause",9,"20"
"concrete","headphones",234,"relative_clause",9,"20"
"concrete","sweater",150,"relative_clause",9,"20"
"inductive","sweater",1.71,"relative_clause",9,"20"
"inductive","headphones",129,"relative_clause",1,"20"
"concrete","sweater",18,"relative_clause",1,"20"
"inductive","laptop",18.5,"relative_clause",9,"20"
"inductive","laptop",1850,"relative_clause",1,"20"
"concrete","sweater",87,"relative_clause",2,"20"
"inductive","coffee maker",140,"relative_clause",1,"20"
"concrete","sweater",36,"relative_clause",1,"20"
"concrete","watch",100,"relative_clause",1,"20"
"concrete","sweater",57,"relative_clause",1,"20"
"concrete","laptop",1850,"relative_clause",9,"20"
"concrete","laptop",350,"relative_clause",1,"20"
"inductive","headphones",25.8,"relative_clause",7,"20"
"concrete","coffee maker",84,"relative_clause",1,"20"
"concrete","headphones",96,"relative_clause",1,"20"
"inductive","laptop",185,"relative_clause",7,"20"
"concrete","coffee maker",188,"relative_clause",9,"20"
"inductive","coffee maker",20,"relative_clause",6,"20"
"inductive","watch",2400,"relative_clause",1,"20"
"inductive","watch",1680,"relative_clause",1,"20"
"inductive","sweater",85.5,"relative_clause",2,"20"
"concrete","watch",2000,"relative_clause",9,"20"
"concrete","coffee maker",124,"relative_clause",9,"20"
"concrete","headphones",24,"relative_clause",1,"20"
"concrete","coffee maker",24,"relative_clause",1,"20"
"inductive","watch",1200,"relative_clause",3,"21"
"concrete","coffee maker",188,"relative_clause",8,"21"
"inductive","watch",2400,"relative_clause",3,"21"
"concrete","headphones",24,"relative_clause",1,"21"
"concrete","headphones",144,"relative_clause",7,"21"
"inductive","sweater",171,"relative_clause",2,"21"
"inductive","coffee maker",140,"relative_clause",1,"21"
"concrete","coffee maker",84,"relative_clause",5,"21"
"concrete","watch",2000,"relative_clause",9,"21"
"inductive","sweater",85.5,"relative_clause",2,"21"
"concrete","sweater",18,"relative_clause",1,"21"
"inductive","watch",24,"relative_clause",7,"21"
"concrete","coffee maker",24,"relative_clause",1,"21"
"inductive","headphones",258,"relative_clause",2,"21"
"concrete","watch",250,"relative_clause",3,"21"
"inductive","laptop",185,"relative_clause",4,"21"
"inductive","headphones",25.8,"relative_clause",5,"21"
"inductive","sweater",1.71,"relative_clause",9,"21"
"concrete","laptop",1250,"relative_clause",9,"21"
"concrete","headphones",234,"relative_clause",9,"21"
"inductive","headphones",129,"relative_clause",4,"21"
"inductive","coffee maker",100,"relative_clause",4,"21"
"concrete","watch",450,"relative_clause",6,"21"
"concrete","headphones",96,"relative_clause",5,"21"
"concrete","sweater",87,"relative_clause",7,"21"
"concrete","sweater",150,"relative_clause",9,"21"
"concrete","headphones",60,"relative_clause",5,"21"
"inductive","laptop",1295,"relative_clause",4,"21"
"concrete","watch",100,"relative_clause",2,"21"
"concrete","coffee maker",124,"relative_clause",7,"21"
"concrete","coffee maker",52,"relative_clause",3,"21"
"inductive","coffee maker",20,"relative_clause",7,"21"
"inductive","watch",240,"relative_clause",8,"21"
"inductive","coffee maker",2,"relative_clause",9,"21"
"inductive","headphones",2.58,"relative_clause",9,"21"
"concrete","watch",900,"relative_clause",9,"21"
"inductive","watch",1680,"relative_clause",2,"21"
"concrete","sweater",57,"relative_clause",7,"21"
"inductive","laptop",18.5,"relative_clause",9,"21"
"inductive","headphones",180.6,"relative_clause",3,"21"
"concrete","sweater",36,"relative_clause",4,"21"
"inductive","coffee maker",200,"relative_clause",2,"21"
"inductive","laptop",1850,"relative_clause",2,"21"
"inductive","laptop",925,"relative_clause",4,"21"
"inductive","sweater",17.1,"relative_clause",6,"21"
"concrete","laptop",900,"relative_clause",6,"21"
"concrete","laptop",600,"relative_clause",5,"21"
"concrete","laptop",350,"relative_clause",1,"21"
"inductive","sweater",119.7,"relative_clause",5,"21"
"concrete","laptop",1850,"relative_clause",9,"21"
"inductive","watch",240,"relative_clause",4,"22"
"inductive","sweater",1.71,"relative_clause",9,"22"
"inductive","sweater",17.1,"relative_clause",5,"22"
"inductive","watch",2400,"relative_clause",3,"22"
"inductive","coffee maker",140,"relative_clause",4,"22"
"inductive","coffee maker",2,"relative_clause",7,"22"
"concrete","sweater",36,"relative_clause",6,"22"
"concrete","watch",900,"relative_clause",9,"22"
"concrete","laptop",900,"relative_clause",4,"22"
"concrete","sweater",87,"relative_clause",7,"22"
"concrete","watch",100,"relative_clause",4,"22"
"inductive","headphones",2.58,"relative_clause",6,"22"
"concrete","headphones",234,"relative_clause",6,"22"
"inductive","watch",1200,"relative_clause",4,"22"
"inductive","coffee maker",20,"relative_clause",4,"22"
"concrete","laptop",350,"relative_clause",1,"22"
"inductive","laptop",185,"relative_clause",6,"22"
"inductive","laptop",1295,"relative_clause",3,"22"
"concrete","coffee maker",188,"relative_clause",6,"22"
"concrete","laptop",1250,"relative_clause",3,"22"
"inductive","laptop",1850,"relative_clause",3,"22"
"concrete","sweater",57,"relative_clause",7,"22"
"concrete","watch",2000,"relative_clause",9,"22"
"inductive","sweater",171,"relative_clause",3,"22"
"concrete","headphones",144,"relative_clause",6,"22"
"inductive","headphones",258,"relative_clause",7,"22"
"inductive","watch",24,"relative_clause",6,"22"
"inductive","laptop",18.5,"relative_clause",8,"22"
"inductive","watch",1680,"relative_clause",4,"22"
"concrete","coffee maker",84,"relative_clause",7,"22"
"inductive","coffee maker",100,"relative_clause",5,"22"
"concrete","laptop",1850,"relative_clause",8,"22"
"concrete","watch",450,"relative_clause",9,"22"
"inductive","sweater",119.7,"relative_clause",4,"22"
"concrete","coffee maker",52,"relative_clause",6,"22"
"concrete","sweater",150,"relative_clause",7,"22"
"inductive","headphones",129,"relative_clause",3,"22"
"inductive","headphones",180.6,"relative_clause",4,"22"
"concrete","headphones",24,"relative_clause",1,"22"
"inductive","coffee maker",200,"relative_clause",4,"22"
"inductive","headphones",25.8,"relative_clause",6,"22"
"concrete","coffee maker",124,"relative_clause",5,"22"
"concrete","watch",250,"relative_clause",6,"22"
"concrete","headphones",60,"relative_clause",3,"22"
"inductive","sweater",85.5,"relative_clause",4,"22"
"concrete","headphones",96,"relative_clause",6,"22"
"concrete","coffee maker",24,"relative_clause",3,"22"
"concrete","laptop",600,"relative_clause",4,"22"
"concrete","sweater",18,"relative_clause",1,"22"
"inductive","laptop",925,"relative_clause",3,"22"
"inductive","headphones",129,"relative_clause",4,"23"
"concrete","watch",900,"relative_clause",9,"23"
"concrete","laptop",1850,"relative_clause",7,"23"
"concrete","sweater",87,"relative_clause",7,"23"
"concrete","headphones",234,"relative_clause",9,"23"
"concrete","watch",250,"relative_clause",5,"23"
"concrete","sweater",150,"relative_clause",8,"23"
"concrete","laptop",600,"relative_clause",4,"23"
"inductive","laptop",1295,"relative_clause",3,"23"
"inductive","watch",2400,"relative_clause",3,"23"
"inductive","laptop",1850,"relative_clause",2,"23"
"concrete","coffee maker",188,"relative_clause",7,"23"
"inductive","laptop",925,"relative_clause",4,"23"
"concrete","headphones",96,"relative_clause",6,"23"
"concrete","laptop",350,"relative_clause",2,"23"
"concrete","coffee maker",24,"relative_clause",1,"23"
"concrete","sweater",36,"relative_clause",2,"23"
"concrete","watch",100,"relative_clause",2,"23"
"inductive","sweater",1.71,"relative_clause",6,"23"
"inductive","sweater",17.1,"relative_clause",5,"23"
"inductive","watch",1200,"relative_clause",2,"23"
"inductive","headphones",258,"relative_clause",2,"23"
"concrete","watch",2000,"relative_clause",9,"23"
"inductive","laptop",185,"relative_clause",5,"23"
"concrete","coffee maker",124,"relative_clause",5,"23"
"concrete","sweater",57,"relative_clause",5,"23"
"inductive","sweater",171,"relative_clause",4,"23"
"inductive","headphones",180.6,"relative_clause",3,"23"
"concrete","headphones",60,"relative_clause",5,"23"
"inductive","watch",24,"relative_clause",5,"23"
"inductive","watch",240,"relative_clause",4,"23"
"inductive","coffee maker",100,"relative_clause",3,"23"
"inductive","sweater",85.5,"relative_clause",2,"23"
"inductive","coffee maker",20,"relative_clause",6,"23"
"inductive","laptop",18.5,"relative_clause",8,"23"
"concrete","headphones",24,"relative_clause",2,"23"
"inductive","watch",1680,"relative_clause",2,"23"
"concrete","coffee maker",52,"relative_clause",4,"23"
"concrete","headphones",144,"relative_clause",6,"23"
"inductive","coffee maker",140,"relative_clause",2,"23"
"concrete","coffee maker",84,"relative_clause",4,"23"
"concrete","watch",450,"relative_clause",6,"23"
"inductive","coffee maker",200,"relative_clause",2,"23"
"concrete","laptop",1250,"relative_clause",5,"23"
"inductive","headphones",2.58,"relative_clause",8,"23"
"inductive","coffee maker",2,"relative_clause",8,"23"
"concrete","sweater",18,"relative_clause",1,"23"
"inductive","headphones",25.8,"relative_clause",6,"23"
"concrete","laptop",900,"relative_clause",4,"23"
"inductive","sweater",119.7,"relative_clause",2,"23"
"concrete","headphones",144,"relative_clause",9,"24"
"concrete","headphones",96,"relative_clause",8,"24"
"inductive","headphones",180.6,"relative_clause",7,"24"
"inductive","coffee maker",2,"relative_clause",9,"24"
"concrete","laptop",600,"relative_clause",3,"24"
"inductive","coffee maker",200,"relative_clause",5,"24"
"inductive","sweater",119.7,"relative_clause",3,"24"
"inductive","headphones",129,"relative_clause",5,"24"
"inductive","laptop",18.5,"relative_clause",9,"24"
"concrete","coffee maker",188,"relative_clause",7,"24"
"inductive","laptop",1850,"relative_clause",2,"24"
"inductive","watch",1680,"relative_clause",4,"24"
"concrete","coffee maker",52,"relative_clause",2,"24"
"inductive","sweater",85.5,"relative_clause",5,"24"
"concrete","watch",250,"relative_clause",7,"24"
"concrete","headphones",234,"relative_clause",9,"24"
"inductive","laptop",185,"relative_clause",8,"24"
"inductive","watch",1200,"relative_clause",5,"24"
"concrete","coffee maker",124,"relative_clause",7,"24"
"inductive","coffee maker",140,"relative_clause",5,"24"
"concrete","laptop",350,"relative_clause",1,"24"
"concrete","sweater",57,"relative_clause",6,"24"
"inductive","sweater",17.1,"relative_clause",5,"24"
"inductive","laptop",1295,"relative_clause",3,"24"
"concrete","watch",100,"relative_clause",5,"24"
"inductive","headphones",25.8,"relative_clause",9,"24"
"concrete","coffee maker",84,"relative_clause",6,"24"
"inductive","coffee maker",100,"relative_clause",5,"24"
"concrete","sweater",87,"relative_clause",6,"24"
"inductive","headphones",2.58,"relative_clause",9,"24"
"inductive","watch",240,"relative_clause",7,"24"
"concrete","laptop",1250,"relative_clause",6,"24"
"concrete","watch",450,"relative_clause",8,"24"
"concrete","sweater",18,"relative_clause",1,"24"
"inductive","watch",24,"relative_clause",9,"24"
"inductive","watch",2400,"relative_clause",4,"24"
"inductive","coffee maker",20,"relative_clause",9,"24"
"concrete","headphones",24,"relative_clause",1,"24"
"concrete","coffee maker",24,"relative_clause",1,"24"
"inductive","sweater",171,"relative_clause",3,"24"
"concrete","laptop",900,"relative_clause",2,"24"
"inductive","laptop",925,"relative_clause",3,"24"
"concrete","sweater",150,"relative_clause",7,"24"
"inductive","sweater",1.71,"relative_clause",9,"24"
"concrete","watch",2000,"relative_clause",9,"24"
"concrete","headphones",60,"relative_clause",5,"24"
"inductive","headphones",258,"relative_clause",3,"24"
"concrete","laptop",1850,"relative_clause",8,"24"
"concrete","watch",900,"relative_clause",9,"24"
"concrete","sweater",36,"relative_clause",1,"24"
"concrete","sweater",36,"relative_clause",5,"25"
"concrete","sweater",150,"relative_clause",9,"25"
"inductive","headphones",25.8,"relative_clause",5,"25"
"inductive","watch",2400,"relative_clause",9,"25"
"concrete","headphones",60,"relative_clause",6,"25"
"concrete","watch",900,"relative_clause",7,"25"
"concrete","headphones",96,"relative_clause",7,"25"
"concrete","sweater",87,"relative_clause",7,"25"
"concrete","laptop",1250,"relative_clause",7,"25"
"concrete","sweater",18,"relative_clause",3,"25"
"inductive","coffee maker",100,"relative_clause",6,"25"
"concrete","laptop",350,"relative_clause",3,"25"
"concrete","watch",250,"relative_clause",5,"25"
"inductive","coffee maker",140,"relative_clause",5,"25"
"inductive","laptop",18.5,"relative_clause",9,"25"
"concrete","watch",100,"relative_clause",5,"25"
"inductive","laptop",1295,"relative_clause",4,"25"
"concrete","coffee maker",188,"relative_clause",8,"25"
"concrete","laptop",1850,"relative_clause",9,"25"
"inductive","coffee maker",20,"relative_clause",8,"25"
"inductive","sweater",17.1,"relative_clause",7,"25"
"concrete","sweater",57,"relative_clause",6,"25"
"inductive","watch",24,"relative_clause",9,"25"
"concrete","headphones",24,"relative_clause",2,"25"
"concrete","laptop",900,"relative_clause",6,"25"
"inductive","watch",1680,"relative_clause",8,"25"
"concrete","coffee maker",52,"relative_clause",3,"25"
"inductive","headphones",2.58,"relative_clause",8,"25"
"inductive","laptop",185,"relative_clause",7,"25"
"inductive","headphones",180.6,"relative_clause",4,"25"
"concrete","coffee maker",124,"relative_clause",7,"25"
"inductive","sweater",119.7,"relative_clause",2,"25"
"concrete","coffee maker",84,"relative_clause",5,"25"
"inductive","watch",240,"relative_clause",8,"25"
"concrete","watch",450,"relative_clause",8,"25"
"inductive","laptop",925,"relative_clause",6,"25"
"inductive","sweater",85.5,"relative_clause",4,"25"
"concrete","headphones",144,"relative_clause",7,"25"
"concrete","coffee maker",24,"relative_clause",2,"25"
"inductive","coffee maker",200,"relative_clause",3,"25"
"inductive","watch",1200,"relative_clause",6,"25"
"inductive","laptop",1850,"relative_clause",4,"25"
"inductive","sweater",1.71,"relative_clause",9,"25"
"concrete","watch",2000,"relative_clause",9,"25"
"concrete","headphones",234,"relative_clause",9,"25"
"inductive","sweater",171,"relative_clause",4,"25"
"inductive","headphones",258,"relative_clause",3,"25"
"inductive","coffee maker",2,"relative_clause",9,"25"
"concrete","laptop",600,"relative_clause",4,"25"
"inductive","headphones",129,"relative_clause",4,"25"
"concrete","watch",2000,"relative_clause",8,"26"
"inductive","headphones",180.6,"relative_clause",3,"26"
"inductive","sweater",119.7,"relative_clause",3,"26"
"inductive","watch",1200,"relative_clause",3,"26"
"concrete","watch",250,"relative_clause",5,"26"
"inductive","sweater",171,"relative_clause",5,"26"
"concrete","laptop",1250,"relative_clause",5,"26"
"inductive","coffee maker",2,"relative_clause",7,"26"
"inductive","headphones",25.8,"relative_clause",7,"26"
"inductive","watch",2400,"relative_clause",5,"26"
"concrete","sweater",57,"relative_clause",4,"26"
"inductive","laptop",1295,"relative_clause",5,"26"
"inductive","laptop",1850,"relative_clause",5,"26"
"concrete","laptop",350,"relative_clause",1,"26"
"concrete","sweater",87,"relative_clause",5,"26"
"concrete","coffee maker",84,"relative_clause",3,"26"
"concrete","headphones",234,"relative_clause",7,"26"
"concrete","sweater",36,"relative_clause",2,"26"
"inductive","coffee maker",200,"relative_clause",4,"26"
"concrete","watch",100,"relative_clause",3,"26"
"concrete","laptop",1850,"relative_clause",8,"26"
"concrete","coffee maker",124,"relative_clause",6,"26"
"inductive","laptop",185,"relative_clause",5,"26"
"concrete","laptop",900,"relative_clause",6,"26"
"concrete","coffee maker",24,"relative_clause",1,"26"
"inductive","coffee maker",100,"relative_clause",5,"26"
"inductive","headphones",129,"relative_clause",5,"26"
"inductive","coffee maker",140,"relative_clause",5,"26"
"concrete","laptop",600,"relative_clause",4,"26"
"inductive","laptop",925,"relative_clause",5,"26"
"concrete","sweater",18,"relative_clause",1,"26"
"concrete","sweater",150,"relative_clause",7,"26"
"inductive","watch",1680,"relative_clause",5,"26"
"inductive","sweater",17.1,"relative_clause",5,"26"
"inductive","laptop",18.5,"relative_clause",5,"26"
"concrete","headphones",60,"relative_clause",2,"26"
"inductive","sweater",1.71,"relative_clause",5,"26"
"concrete","coffee maker",188,"relative_clause",6,"26"
"concrete","headphones",144,"relative_clause",5,"26"
"inductive","headphones",258,"relative_clause",5,"26"
"concrete","watch",900,"relative_clause",6,"26"
"inductive","watch",24,"relative_clause",4,"26"
"concrete","headphones",24,"relative_clause",1,"26"
"concrete","headphones",96,"relative_clause",4,"26"
"inductive","watch",240,"relative_clause",5,"26"
"inductive","headphones",2.58,"relative_clause",6,"26"
"inductive","sweater",85.5,"relative_clause",5,"26"
"inductive","coffee maker",20,"relative_clause",5,"26"
"concrete","coffee maker",52,"relative_clause",3,"26"
"concrete","watch",450,"relative_clause",4,"26"
"concrete","laptop",600,"relative_clause",4,"27"
"concrete","headphones",144,"relative_clause",8,"27"
"inductive","coffee maker",2,"relative_clause",8,"27"
"inductive","headphones",25.8,"relative_clause",7,"27"
"concrete","coffee maker",24,"relative_clause",2,"27"
"inductive","laptop",18.5,"relative_clause",8,"27"
"concrete","watch",450,"relative_clause",8,"27"
"concrete","watch",100,"relative_clause",6,"27"
"concrete","watch",250,"relative_clause",8,"27"
"inductive","watch",240,"relative_clause",7,"27"
"inductive","sweater",85.5,"relative_clause",4,"27"
"inductive","coffee maker",140,"relative_clause",2,"27"
"concrete","sweater",150,"relative_clause",6,"27"
"inductive","coffee maker",100,"relative_clause",4,"27"
"concrete","coffee maker",124,"relative_clause",6,"27"
"concrete","laptop",900,"relative_clause",8,"27"
"inductive","watch",1200,"relative_clause",2,"27"
"inductive","watch",1680,"relative_clause",2,"27"
"concrete","coffee maker",84,"relative_clause",4,"27"
"inductive","coffee maker",200,"relative_clause",3,"27"
"inductive","laptop",925,"relative_clause",2,"27"
"concrete","headphones",234,"relative_clause",9,"27"
"inductive","headphones",2.58,"relative_clause",8,"27"
"concrete","sweater",18,"relative_clause",1,"27"
"concrete","laptop",350,"relative_clause",3,"27"
"concrete","sweater",36,"relative_clause",2,"27"
"inductive","laptop",185,"relative_clause",5,"27"
"inductive","headphones",180.6,"relative_clause",4,"27"
"inductive","headphones",258,"relative_clause",2,"27"
"concrete","laptop",1250,"relative_clause",9,"27"
"inductive","laptop",1295,"relative_clause",2,"27"
"concrete","laptop",1850,"relative_clause",9,"27"
"inductive","sweater",119.7,"relative_clause",3,"27"
"concrete","headphones",24,"relative_clause",1,"27"
"concrete","headphones",60,"relative_clause",4,"27"
"concrete","headphones",96,"relative_clause",5,"27"
"inductive","sweater",17.1,"relative_clause",6,"27"
"inductive","laptop",1850,"relative_clause",2,"27"
"inductive","watch",24,"relative_clause",7,"27"
"inductive","coffee maker",20,"relative_clause",6,"27"
"inductive","sweater",1.71,"relative_clause",7,"27"
"concrete","sweater",57,"relative_clause",4,"27"
"concrete","coffee maker",188,"relative_clause",7,"27"
"concrete","watch",900,"relative_clause",7,"27"
"concrete","sweater",87,"relative_clause",5,"27"
"inductive","watch",2400,"relative_clause",3,"27"
"inductive","headphones",129,"relative_clause",3,"27"
"concrete","watch",2000,"relative_clause",9,"27"
"concrete","coffee maker",52,"relative_clause",4,"27"
"inductive","sweater",171,"relative_clause",3,"27"
"inductive","coffee maker",2,"relative_clause",9,"28"
"concrete","laptop",900,"relative_clause",8,"28"
"inductive","sweater",171,"relative_clause",1,"28"
"concrete","sweater",150,"relative_clause",9,"28"
"concrete","headphones",60,"relative_clause",5,"28"
"concrete","coffee maker",84,"relative_clause",6,"28"
"inductive","headphones",2.58,"relative_clause",5,"28"
"inductive","coffee maker",100,"relative_clause",3,"28"
"inductive","laptop",925,"relative_clause",3,"28"
"inductive","watch",24,"relative_clause",5,"28"
"inductive","laptop",1295,"relative_clause",2,"28"
"concrete","watch",100,"relative_clause",7,"28"
"inductive","coffee maker",140,"relative_clause",4,"28"
"concrete","coffee maker",24,"relative_clause",1,"28"
"inductive","coffee maker",200,"relative_clause",2,"28"
"concrete","watch",250,"relative_clause",9,"28"
"concrete","headphones",144,"relative_clause",6,"28"
"concrete","coffee maker",52,"relative_clause",4,"28"
"inductive","laptop",185,"relative_clause",5,"28"
"inductive","watch",240,"relative_clause",3,"28"
"concrete","sweater",36,"relative_clause",4,"28"
"inductive","sweater",17.1,"relative_clause",3,"28"
"concrete","sweater",87,"relative_clause",8,"28"
"concrete","sweater",57,"relative_clause",6,"28"
"inductive","sweater",85.5,"relative_clause",3,"28"
"inductive","coffee maker",20,"relative_clause",5,"28"
"inductive","headphones",180.6,"relative_clause",2,"28"
"inductive","headphones",129,"relative_clause",3,"28"
"inductive","laptop",18.5,"relative_clause",8,"28"
"inductive","watch",1200,"relative_clause",1,"28"
"concrete","laptop",600,"relative_clause",5,"28"
"inductive","watch",1680,"relative_clause",1,"28"
"concrete","coffee maker",124,"relative_clause",7,"28"
"concrete","watch",450,"relative_clause",9,"28"
"inductive","headphones",258,"relative_clause",1,"28"
"concrete","coffee maker",188,"relative_clause",9,"28"
"concrete","laptop",350,"relative_clause",4,"28"
"concrete","headphones",96,"relative_clause",6,"28"
"inductive","sweater",119.7,"relative_clause",1,"28"
"inductive","watch",2400,"relative_clause",1,"28"
"inductive","headphones",25.8,"relative_clause",7,"28"
"concrete","watch",900,"relative_clause",9,"28"
"concrete","laptop",1250,"relative_clause",9,"28"
"concrete","headphones",24,"relative_clause",1,"28"
"inductive","sweater",1.71,"relative_clause",9,"28"
"concrete","laptop",1850,"relative_clause",9,"28"
"concrete","watch",2000,"relative_clause",9,"28"
"inductive","laptop",1850,"relative_clause",1,"28"
"concrete","sweater",18,"relative_clause",2,"28"
"concrete","headphones",234,"relative_clause",9,"28"
"inductive","watch",240,"relative_clause",9,"29"
"inductive","coffee maker",140,"relative_clause",3,"29"
"concrete","coffee maker",24,"relative_clause",9,"29"
"concrete","laptop",600,"relative_clause",5,"29"
"inductive","watch",1680,"relative_clause",4,"29"
"concrete","watch",100,"relative_clause",6,"29"
"inductive","headphones",2.58,"relative_clause",9,"29"
"inductive","laptop",925,"relative_clause",2,"29"
"inductive","sweater",119.7,"relative_clause",3,"29"
"inductive","watch",1200,"relative_clause",6,"29"
"inductive","sweater",85.5,"relative_clause",4,"29"
"concrete","watch",450,"relative_clause",8,"29"
"concrete","laptop",350,"relative_clause",1,"29"
"inductive","headphones",180.6,"relative_clause",2,"29"
"inductive","watch",24,"relative_clause",9,"29"
"inductive","coffee maker",20,"relative_clause",7,"29"
"concrete","headphones",60,"relative_clause",2,"29"
"concrete","sweater",18,"relative_clause",1,"29"
"concrete","laptop",900,"relative_clause",5,"29"
"inductive","coffee maker",100,"relative_clause",1,"29"
"inductive","sweater",171,"relative_clause",7,"29"
"inductive","laptop",185,"relative_clause",7,"29"
"concrete","watch",250,"relative_clause",5,"29"
"concrete","sweater",57,"relative_clause",8,"29"
"inductive","laptop",1850,"relative_clause",2,"29"
"inductive","headphones",258,"relative_clause",7,"29"
"concrete","sweater",87,"relative_clause",1,"29"
"concrete","coffee maker",84,"relative_clause",9,"29"
"inductive","sweater",1.71,"relative_clause",9,"29"
"inductive","headphones",129,"relative_clause",1,"29"
"concrete","sweater",150,"relative_clause",9,"29"
"concrete","laptop",1250,"relative_clause",9,"29"
"concrete","sweater",36,"relative_clause",2,"29"
"concrete","headphones",234,"relative_clause",7,"29"
"concrete","coffee maker",188,"relative_clause",8,"29"
"inductive","headphones",25.8,"relative_clause",6,"29"
"concrete","watch",2000,"relative_clause",9,"29"
"inductive","watch",2400,"relative_clause",7,"29"
"concrete","headphones",144,"relative_clause",4,"29"
"concrete","headphones",96,"relative_clause",2,"29"
"inductive","laptop",18.5,"relative_clause",9,"29"
"concrete","laptop",1850,"relative_clause",7,"29"
"concrete","watch",900,"relative_clause",8,"29"
"concrete","coffee maker",52,"relative_clause",7,"29"
"inductive","laptop",1295,"relative_clause",5,"29"
"inductive","sweater",17.1,"relative_clause",7,"29"
"inductive","coffee maker",200,"relative_clause",1,"29"
"concrete","coffee maker",124,"relative_clause",8,"29"
"inductive","coffee maker",2,"relative_clause",9,"29"
"concrete","headphones",24,"relative_clause",1,"29"
