"","workerid","qtype","dollar_amount","object","response","id"
"1",0,"concrete",188,"coffee maker",9,"11"
"2",0,"inductive",20,"coffee maker",1,"11"
"3",0,"inductive",240,"watch",9,"11"
"4",0,"concrete",144,"headphones",6,"11"
"5",0,"inductive",180.6,"headphones",9,"11"
"6",0,"concrete",100,"watch",4,"11"
"7",0,"concrete",1850,"laptop",8,"11"
"8",0,"concrete",900,"laptop",7,"11"
"9",0,"concrete",350,"laptop",2,"11"
"10",0,"concrete",234,"headphones",9,"11"
"11",0,"concrete",84,"coffee maker",5,"11"
"12",0,"inductive",2,"coffee maker",5,"11"
"13",0,"inductive",1200,"watch",9,"11"
"14",0,"inductive",119.7,"sweater",9,"11"
"15",0,"inductive",1295,"laptop",4,"11"
"16",0,"inductive",17.1,"sweater",3,"11"
"17",0,"inductive",1680,"watch",3,"11"
"18",0,"inductive",129,"headphones",3,"11"
"19",0,"concrete",2000,"watch",9,"11"
"20",0,"inductive",1850,"laptop",2,"11"
"21",0,"concrete",600,"laptop",4,"11"
"22",0,"inductive",185,"laptop",5,"11"
"23",0,"concrete",57,"sweater",6,"11"
"24",0,"inductive",25.8,"headphones",6,"11"
"25",0,"concrete",124,"coffee maker",7,"11"
"26",0,"concrete",52,"coffee maker",3,"11"
"27",0,"inductive",2400,"watch",2,"11"
"28",0,"concrete",24,"headphones",1,"11"
"29",0,"concrete",1250,"laptop",7,"11"
"30",0,"concrete",900,"watch",9,"11"
"31",0,"inductive",1.71,"sweater",8,"11"
"32",0,"concrete",87,"sweater",7,"11"
"33",0,"inductive",140,"coffee maker",2,"11"
"34",0,"concrete",96,"headphones",6,"11"
"35",0,"concrete",36,"sweater",1,"11"
"36",0,"concrete",18,"sweater",1,"11"
"37",0,"inductive",24,"watch",6,"11"
"38",0,"inductive",18.5,"laptop",6,"11"
"39",0,"inductive",100,"coffee maker",2,"11"
"40",0,"inductive",258,"headphones",1,"11"
"41",0,"concrete",450,"watch",9,"11"
"42",0,"inductive",85.5,"sweater",4,"11"
"43",0,"concrete",250,"watch",9,"11"
"44",0,"inductive",2.58,"headphones",7,"11"
"45",0,"inductive",200,"coffee maker",1,"11"
"46",0,"inductive",925,"laptop",1,"11"
"47",0,"concrete",60,"headphones",3,"11"
"48",0,"concrete",150,"sweater",7,"11"
"49",0,"inductive",171,"sweater",2,"11"
"50",0,"concrete",24,"coffee maker",1,"11"
"51",1,"concrete",60,"headphones",5,"11"
"52",1,"concrete",52,"coffee maker",7,"11"
"53",1,"concrete",150,"sweater",9,"11"
"54",1,"concrete",24,"coffee maker",3,"11"
"55",1,"concrete",57,"sweater",8,"11"
"56",1,"concrete",124,"coffee maker",9,"11"
"57",1,"inductive",185,"laptop",6,"11"
"58",1,"concrete",36,"sweater",6,"11"
"59",1,"concrete",84,"coffee maker",7,"11"
"60",1,"concrete",1250,"laptop",7,"11"
"61",1,"concrete",900,"laptop",5,"11"
"62",1,"inductive",1850,"laptop",2,"11"
"63",1,"inductive",171,"sweater",5,"11"
"64",1,"inductive",240,"watch",4,"11"
"65",1,"concrete",96,"headphones",7,"11"
"66",1,"inductive",25.8,"headphones",5,"11"
"67",1,"concrete",234,"headphones",9,"11"
"68",1,"inductive",129,"headphones",6,"11"
"69",1,"inductive",1200,"watch",4,"11"
"70",1,"concrete",18,"sweater",3,"11"
"71",1,"inductive",925,"laptop",4,"11"
"72",1,"concrete",1850,"laptop",8,"11"
"73",1,"inductive",17.1,"sweater",7,"11"
"74",1,"inductive",20,"coffee maker",8,"11"
"75",1,"inductive",2.58,"headphones",9,"11"
"76",1,"inductive",180.6,"headphones",3,"11"
"77",1,"inductive",1295,"laptop",3,"11"
"78",1,"concrete",24,"headphones",2,"11"
"79",1,"inductive",100,"coffee maker",5,"11"
"80",1,"concrete",450,"watch",9,"11"
"81",1,"concrete",87,"sweater",6,"11"
"82",1,"concrete",2000,"watch",9,"11"
"83",1,"inductive",258,"headphones",3,"11"
"84",1,"inductive",119.7,"sweater",9,"11"
"85",1,"inductive",24,"watch",9,"11"
"86",1,"concrete",350,"laptop",1,"11"
"87",1,"inductive",1680,"watch",4,"11"
"88",1,"inductive",2400,"watch",3,"11"
"89",1,"inductive",1.71,"sweater",9,"11"
"90",1,"inductive",140,"coffee maker",5,"11"
"91",1,"concrete",250,"watch",8,"11"
"92",1,"inductive",18.5,"laptop",9,"11"
"93",1,"inductive",200,"coffee maker",5,"11"
"94",1,"concrete",600,"laptop",3,"11"
"95",1,"concrete",900,"watch",9,"11"
"96",1,"inductive",85.5,"sweater",8,"11"
"97",1,"concrete",188,"coffee maker",8,"11"
"98",1,"concrete",144,"headphones",7,"11"
"99",1,"inductive",2,"coffee maker",9,"11"
"100",1,"concrete",100,"watch",5,"11"
"101",3,"inductive",18.5,"laptop",8,"11"
"102",3,"inductive",129,"headphones",1,"11"
"103",3,"concrete",450,"watch",6,"11"
"104",3,"inductive",925,"laptop",1,"11"
"105",3,"concrete",96,"headphones",7,"11"
"106",3,"inductive",20,"coffee maker",4,"11"
"107",3,"inductive",1680,"watch",7,"11"
"108",3,"concrete",60,"headphones",5,"11"
"109",3,"inductive",180.6,"headphones",4,"11"
"110",3,"inductive",119.7,"sweater",3,"11"
"111",3,"concrete",52,"coffee maker",3,"11"
"112",3,"inductive",17.1,"sweater",8,"11"
"113",3,"inductive",1295,"laptop",2,"11"
"114",3,"concrete",36,"sweater",2,"11"
"115",3,"concrete",900,"laptop",5,"11"
"116",3,"concrete",124,"coffee maker",7,"11"
"117",3,"concrete",24,"headphones",2,"11"
"118",3,"concrete",150,"sweater",7,"11"
"119",3,"concrete",234,"headphones",8,"11"
"120",3,"inductive",1.71,"sweater",8,"11"
"121",3,"concrete",24,"coffee maker",1,"11"
"122",3,"inductive",1200,"watch",6,"11"
"123",3,"concrete",350,"laptop",1,"11"
"124",3,"concrete",2000,"watch",7,"11"
"125",3,"concrete",18,"sweater",1,"11"
"126",3,"concrete",1250,"laptop",6,"11"
"127",3,"concrete",900,"watch",6,"11"
"128",3,"inductive",100,"coffee maker",4,"11"
"129",3,"inductive",140,"coffee maker",4,"11"
"130",3,"concrete",57,"sweater",3,"11"
"131",3,"concrete",144,"headphones",6,"11"
"132",3,"inductive",1850,"laptop",2,"11"
"133",3,"inductive",2.58,"headphones",8,"11"
"134",3,"inductive",171,"sweater",3,"11"
"135",3,"concrete",100,"watch",5,"11"
"136",3,"concrete",600,"laptop",5,"11"
"137",3,"concrete",1850,"laptop",7,"11"
"138",3,"concrete",250,"watch",5,"11"
"139",3,"inductive",185,"laptop",6,"11"
"140",3,"inductive",25.8,"headphones",7,"11"
"141",3,"inductive",2,"coffee maker",9,"11"
"142",3,"concrete",188,"coffee maker",8,"11"
"143",3,"inductive",2400,"watch",6,"11"
"144",3,"concrete",87,"sweater",6,"11"
"145",3,"inductive",85.5,"sweater",2,"11"
"146",3,"inductive",258,"headphones",2,"11"
"147",3,"inductive",200,"coffee maker",2,"11"
"148",3,"inductive",240,"watch",6,"11"
"149",3,"inductive",24,"watch",8,"11"
"150",3,"concrete",84,"coffee maker",7,"11"
"151",4,"inductive",185,"laptop",8,"11"
"152",4,"inductive",2,"coffee maker",9,"11"
"153",4,"inductive",85.5,"sweater",5,"11"
"154",4,"inductive",119.7,"sweater",6,"11"
"155",4,"inductive",200,"coffee maker",7,"11"
"156",4,"inductive",17.1,"sweater",9,"11"
"157",4,"concrete",150,"sweater",9,"11"
"158",4,"concrete",234,"headphones",9,"11"
"159",4,"inductive",20,"coffee maker",9,"11"
"160",4,"inductive",180.6,"headphones",7,"11"
"161",4,"inductive",258,"headphones",6,"11"
"162",4,"inductive",1200,"watch",5,"11"
"163",4,"concrete",1250,"laptop",8,"11"
"164",4,"inductive",25.8,"headphones",9,"11"
"165",4,"inductive",18.5,"laptop",9,"11"
"166",4,"inductive",2400,"watch",5,"11"
"167",4,"concrete",600,"laptop",5,"11"
"168",4,"concrete",52,"coffee maker",5,"11"
"169",4,"concrete",24,"coffee maker",2,"11"
"170",4,"concrete",24,"headphones",2,"11"
"171",4,"inductive",100,"coffee maker",6,"11"
"172",4,"concrete",450,"watch",9,"11"
"173",4,"inductive",171,"sweater",7,"11"
"174",4,"concrete",84,"coffee maker",5,"11"
"175",4,"inductive",2.58,"headphones",9,"11"
"176",4,"concrete",188,"coffee maker",9,"11"
"177",4,"inductive",925,"laptop",6,"11"
"178",4,"concrete",57,"sweater",5,"11"
"179",4,"concrete",124,"coffee maker",7,"11"
"180",4,"inductive",1295,"laptop",5,"11"
"181",4,"inductive",240,"watch",6,"11"
"182",4,"inductive",140,"coffee maker",5,"11"
"183",4,"concrete",250,"watch",9,"11"
"184",4,"concrete",2000,"watch",9,"11"
"185",4,"concrete",96,"headphones",8,"11"
"186",4,"concrete",1850,"laptop",9,"11"
"187",4,"inductive",1850,"laptop",5,"11"
"188",4,"inductive",129,"headphones",6,"11"
"189",4,"inductive",24,"watch",9,"11"
"190",4,"concrete",144,"headphones",7,"11"
"191",4,"concrete",18,"sweater",1,"11"
"192",4,"concrete",900,"laptop",6,"11"
"193",4,"concrete",900,"watch",9,"11"
"194",4,"inductive",1680,"watch",5,"11"
"195",4,"concrete",350,"laptop",2,"11"
"196",4,"concrete",100,"watch",5,"11"
"197",4,"inductive",1.71,"sweater",9,"11"
"198",4,"concrete",87,"sweater",5,"11"
"199",4,"concrete",36,"sweater",3,"11"
"200",4,"concrete",60,"headphones",6,"11"
"201",5,"concrete",900,"laptop",7,"11"
"202",5,"concrete",24,"headphones",1,"11"
"203",5,"inductive",129,"headphones",7,"11"
"204",5,"inductive",2.58,"headphones",6,"11"
"205",5,"inductive",85.5,"sweater",7,"11"
"206",5,"concrete",450,"watch",8,"11"
"207",5,"inductive",2400,"watch",1,"11"
"208",5,"inductive",2,"coffee maker",8,"11"
"209",5,"inductive",25.8,"headphones",6,"11"
"210",5,"concrete",234,"headphones",9,"11"
"211",5,"inductive",119.7,"sweater",1,"11"
"212",5,"concrete",36,"sweater",1,"11"
"213",5,"concrete",124,"coffee maker",9,"11"
"214",5,"inductive",1295,"laptop",2,"11"
"215",5,"concrete",60,"headphones",2,"11"
"216",5,"inductive",180.6,"headphones",1,"11"
"217",5,"concrete",900,"watch",8,"11"
"218",5,"concrete",18,"sweater",1,"11"
"219",5,"inductive",18.5,"laptop",9,"11"
"220",5,"inductive",1680,"watch",2,"11"
"221",5,"concrete",87,"sweater",2,"11"
"222",5,"inductive",258,"headphones",1,"11"
"223",5,"inductive",100,"coffee maker",1,"11"
"224",5,"concrete",144,"headphones",7,"11"
"225",5,"concrete",1250,"laptop",9,"11"
"226",5,"inductive",1.71,"sweater",9,"11"
"227",5,"inductive",24,"watch",9,"11"
"228",5,"inductive",17.1,"sweater",8,"11"
"229",5,"concrete",150,"sweater",9,"11"
"230",5,"inductive",185,"laptop",7,"11"
"231",5,"concrete",57,"sweater",1,"11"
"232",5,"inductive",1200,"watch",1,"11"
"233",5,"concrete",100,"watch",4,"11"
"234",5,"inductive",240,"watch",6,"11"
"235",5,"inductive",171,"sweater",1,"11"
"236",5,"concrete",52,"coffee maker",1,"11"
"237",5,"concrete",84,"coffee maker",3,"11"
"238",5,"concrete",350,"laptop",1,"11"
"239",5,"concrete",600,"laptop",3,"11"
"240",5,"concrete",96,"headphones",4,"11"
"241",5,"inductive",925,"laptop",1,"11"
"242",5,"concrete",24,"coffee maker",1,"11"
"243",5,"inductive",140,"coffee maker",1,"11"
"244",5,"concrete",2000,"watch",9,"11"
"245",5,"concrete",1850,"laptop",9,"11"
"246",5,"concrete",250,"watch",6,"11"
"247",5,"inductive",20,"coffee maker",1,"11"
"248",5,"inductive",200,"coffee maker",1,"11"
"249",5,"concrete",188,"coffee maker",1,"11"
"250",5,"inductive",1850,"laptop",1,"11"
"251",6,"concrete",2000,"watch",9,"11"
"252",6,"inductive",20,"coffee maker",4,"11"
"253",6,"inductive",100,"coffee maker",2,"11"
"254",6,"concrete",124,"coffee maker",9,"11"
"255",6,"inductive",2.58,"headphones",9,"11"
"256",6,"inductive",1.71,"sweater",9,"11"
"257",6,"inductive",18.5,"laptop",9,"11"
"258",6,"inductive",2,"coffee maker",9,"11"
"259",6,"inductive",171,"sweater",1,"11"
"260",6,"inductive",240,"watch",6,"11"
"261",6,"inductive",129,"headphones",2,"11"
"262",6,"inductive",25.8,"headphones",6,"11"
"263",6,"inductive",1295,"laptop",1,"11"
"264",6,"concrete",1250,"laptop",7,"11"
"265",6,"concrete",18,"sweater",1,"11"
"266",6,"concrete",234,"headphones",9,"11"
"267",6,"concrete",450,"watch",7,"11"
"268",6,"concrete",84,"coffee maker",7,"11"
"269",6,"concrete",1850,"laptop",9,"11"
"270",6,"concrete",350,"laptop",1,"11"
"271",6,"inductive",17.1,"sweater",8,"11"
"272",6,"concrete",60,"headphones",2,"11"
"273",6,"inductive",925,"laptop",2,"11"
"274",6,"concrete",600,"laptop",2,"11"
"275",6,"concrete",900,"laptop",4,"11"
"276",6,"concrete",188,"coffee maker",9,"11"
"277",6,"concrete",100,"watch",1,"11"
"278",6,"inductive",119.7,"sweater",1,"11"
"279",6,"inductive",1680,"watch",2,"11"
"280",6,"inductive",200,"coffee maker",1,"11"
"281",6,"concrete",36,"sweater",1,"11"
"282",6,"concrete",57,"sweater",5,"11"
"283",6,"inductive",180.6,"headphones",2,"11"
"284",6,"inductive",185,"laptop",5,"11"
"285",6,"concrete",900,"watch",8,"11"
"286",6,"inductive",2400,"watch",1,"11"
"287",6,"concrete",52,"coffee maker",4,"11"
"288",6,"concrete",150,"sweater",9,"11"
"289",6,"inductive",24,"watch",9,"11"
"290",6,"concrete",24,"headphones",1,"11"
"291",6,"concrete",250,"watch",3,"11"
"292",6,"inductive",258,"headphones",2,"11"
"293",6,"concrete",144,"headphones",7,"11"
"294",6,"inductive",85.5,"sweater",4,"11"
"295",6,"concrete",24,"coffee maker",1,"11"
"296",6,"concrete",96,"headphones",6,"11"
"297",6,"inductive",1200,"watch",3,"11"
"298",6,"concrete",87,"sweater",6,"11"
"299",6,"inductive",140,"coffee maker",2,"11"
"300",6,"inductive",1850,"laptop",1,"11"
"301",7,"inductive",140,"coffee maker",3,"11"
"302",7,"inductive",185,"laptop",7,"11"
"303",7,"inductive",2400,"watch",7,"11"
"304",7,"concrete",150,"sweater",8,"11"
"305",7,"inductive",171,"sweater",3,"11"
"306",7,"inductive",1850,"laptop",1,"11"
"307",7,"concrete",350,"laptop",2,"11"
"308",7,"inductive",1295,"laptop",2,"11"
"309",7,"concrete",36,"sweater",2,"11"
"310",7,"concrete",1850,"laptop",8,"11"
"311",7,"concrete",124,"coffee maker",5,"11"
"312",7,"concrete",144,"headphones",2,"11"
"313",7,"concrete",2000,"watch",5,"11"
"314",7,"concrete",18,"sweater",1,"11"
"315",7,"inductive",240,"watch",8,"11"
"316",7,"concrete",60,"headphones",1,"11"
"317",7,"inductive",180.6,"headphones",2,"11"
"318",7,"inductive",119.7,"sweater",2,"11"
"319",7,"concrete",100,"watch",3,"11"
"320",7,"concrete",87,"sweater",6,"11"
"321",7,"inductive",1200,"watch",6,"11"
"322",7,"concrete",188,"coffee maker",5,"11"
"323",7,"inductive",925,"laptop",4,"11"
"324",7,"inductive",1680,"watch",7,"11"
"325",7,"concrete",250,"watch",4,"11"
"326",7,"inductive",17.1,"sweater",9,"11"
"327",7,"concrete",234,"headphones",2,"11"
"328",7,"inductive",85.5,"sweater",2,"11"
"329",7,"concrete",57,"sweater",4,"11"
"330",7,"inductive",100,"coffee maker",7,"11"
"331",7,"concrete",96,"headphones",2,"11"
"332",7,"inductive",200,"coffee maker",5,"11"
"333",7,"concrete",450,"watch",5,"11"
"334",7,"concrete",600,"laptop",5,"11"
"335",7,"inductive",1.71,"sweater",9,"11"
"336",7,"concrete",1250,"laptop",7,"11"
"337",7,"concrete",24,"coffee maker",1,"11"
"338",7,"concrete",900,"watch",6,"11"
"339",7,"inductive",20,"coffee maker",9,"11"
"340",7,"inductive",258,"headphones",2,"11"
"341",7,"inductive",24,"watch",9,"11"
"342",7,"inductive",2.58,"headphones",9,"11"
"343",7,"concrete",84,"coffee maker",4,"11"
"344",7,"inductive",25.8,"headphones",2,"11"
"345",7,"concrete",24,"headphones",1,"11"
"346",7,"inductive",129,"headphones",2,"11"
"347",7,"concrete",52,"coffee maker",3,"11"
"348",7,"concrete",900,"laptop",5,"11"
"349",7,"inductive",18.5,"laptop",9,"11"
"350",7,"inductive",2,"coffee maker",9,"11"
"351",8,"inductive",85.5,"sweater",5,"11"
"352",8,"inductive",2,"coffee maker",5,"11"
"353",8,"inductive",140,"coffee maker",4,"11"
"354",8,"inductive",17.1,"sweater",3,"11"
"355",8,"concrete",24,"coffee maker",1,"11"
"356",8,"concrete",900,"laptop",5,"11"
"357",8,"concrete",52,"coffee maker",5,"11"
"358",8,"inductive",2400,"watch",5,"11"
"359",8,"inductive",25.8,"headphones",6,"11"
"360",8,"inductive",20,"coffee maker",5,"11"
"361",8,"concrete",87,"sweater",6,"11"
"362",8,"inductive",1.71,"sweater",5,"11"
"363",8,"concrete",1250,"laptop",8,"11"
"364",8,"concrete",36,"sweater",2,"11"
"365",8,"concrete",900,"watch",9,"11"
"366",8,"concrete",60,"headphones",5,"11"
"367",8,"inductive",100,"coffee maker",5,"11"
"368",8,"inductive",1680,"watch",5,"11"
"369",8,"concrete",2000,"watch",8,"11"
"370",8,"inductive",24,"watch",5,"11"
"371",8,"inductive",1850,"laptop",5,"11"
"372",8,"inductive",1200,"watch",4,"11"
"373",8,"concrete",24,"headphones",1,"11"
"374",8,"inductive",1295,"laptop",4,"11"
"375",8,"inductive",185,"laptop",6,"11"
"376",8,"inductive",240,"watch",7,"11"
"377",8,"inductive",180.6,"headphones",7,"11"
"378",8,"concrete",18,"sweater",1,"11"
"379",8,"inductive",171,"sweater",5,"11"
"380",8,"concrete",450,"watch",8,"11"
"381",8,"inductive",18.5,"laptop",5,"11"
"382",8,"concrete",600,"laptop",3,"11"
"383",8,"concrete",100,"watch",3,"11"
"384",8,"concrete",234,"headphones",6,"11"
"385",8,"concrete",1850,"laptop",9,"11"
"386",8,"concrete",96,"headphones",6,"11"
"387",8,"inductive",129,"headphones",5,"11"
"388",8,"concrete",144,"headphones",7,"11"
"389",8,"inductive",258,"headphones",5,"11"
"390",8,"concrete",250,"watch",7,"11"
"391",8,"concrete",84,"coffee maker",5,"11"
"392",8,"inductive",2.58,"headphones",6,"11"
"393",8,"concrete",188,"coffee maker",7,"11"
"394",8,"concrete",57,"sweater",5,"11"
"395",8,"inductive",119.7,"sweater",5,"11"
"396",8,"concrete",150,"sweater",7,"11"
"397",8,"inductive",200,"coffee maker",4,"11"
"398",8,"inductive",925,"laptop",5,"11"
"399",8,"concrete",124,"coffee maker",6,"11"
"400",8,"concrete",350,"laptop",1,"11"
"401",9,"concrete",350,"laptop",5,"11"
"402",9,"concrete",60,"headphones",9,"11"
"403",9,"concrete",124,"coffee maker",4,"11"
"404",9,"concrete",900,"laptop",9,"11"
"405",9,"concrete",57,"sweater",2,"11"
"406",9,"concrete",450,"watch",6,"11"
"407",9,"concrete",96,"headphones",9,"11"
"408",9,"concrete",100,"watch",1,"11"
"409",9,"inductive",185,"laptop",7,"11"
"410",9,"inductive",2,"coffee maker",9,"11"
"411",9,"inductive",100,"coffee maker",2,"11"
"412",9,"concrete",52,"coffee maker",1,"11"
"413",9,"inductive",1850,"laptop",9,"11"
"414",9,"concrete",2000,"watch",9,"11"
"415",9,"concrete",250,"watch",6,"11"
"416",9,"concrete",600,"laptop",7,"11"
"417",9,"concrete",1850,"laptop",9,"11"
"418",9,"inductive",200,"coffee maker",1,"11"
"419",9,"inductive",1200,"watch",1,"11"
"420",9,"concrete",144,"headphones",9,"11"
"421",9,"inductive",119.7,"sweater",3,"11"
"422",9,"concrete",84,"coffee maker",1,"11"
"423",9,"inductive",1.71,"sweater",9,"11"
"424",9,"concrete",150,"sweater",5,"11"
"425",9,"inductive",85.5,"sweater",2,"11"
"426",9,"concrete",24,"headphones",1,"11"
"427",9,"concrete",234,"headphones",9,"11"
"428",9,"inductive",180.6,"headphones",1,"11"
"429",9,"inductive",18.5,"laptop",9,"11"
"430",9,"inductive",925,"laptop",1,"11"
"431",9,"concrete",1250,"laptop",9,"11"
"432",9,"concrete",900,"watch",9,"11"
"433",9,"inductive",1295,"laptop",1,"11"
"434",9,"inductive",20,"coffee maker",7,"11"
"435",9,"concrete",87,"sweater",6,"11"
"436",9,"inductive",129,"headphones",2,"11"
"437",9,"inductive",2.58,"headphones",9,"11"
"438",9,"inductive",140,"coffee maker",1,"11"
"439",9,"inductive",24,"watch",7,"11"
"440",9,"inductive",240,"watch",5,"11"
"441",9,"inductive",1680,"watch",1,"11"
"442",9,"inductive",171,"sweater",1,"11"
"443",9,"inductive",258,"headphones",1,"11"
"444",9,"concrete",36,"sweater",3,"11"
"445",9,"inductive",2400,"watch",1,"11"
"446",9,"inductive",17.1,"sweater",9,"11"
"447",9,"concrete",18,"sweater",1,"11"
"448",9,"concrete",188,"coffee maker",7,"11"
"449",9,"concrete",24,"coffee maker",1,"11"
"450",9,"inductive",25.8,"headphones",1,"11"
"451",10,"inductive",2400,"watch",1,"11"
"452",10,"concrete",2000,"watch",9,"11"
"453",10,"concrete",600,"laptop",1,"11"
"454",10,"concrete",100,"watch",6,"11"
"455",10,"concrete",87,"sweater",6,"11"
"456",10,"concrete",84,"coffee maker",7,"11"
"457",10,"inductive",258,"headphones",9,"11"
"458",10,"concrete",60,"headphones",2,"11"
"459",10,"inductive",25.8,"headphones",1,"11"
"460",10,"inductive",140,"coffee maker",6,"11"
"461",10,"concrete",18,"sweater",1,"11"
"462",10,"inductive",1680,"watch",9,"11"
"463",10,"inductive",925,"laptop",3,"11"
"464",10,"inductive",17.1,"sweater",1,"11"
"465",10,"inductive",180.6,"headphones",6,"11"
"466",10,"inductive",171,"sweater",9,"11"
"467",10,"inductive",1.71,"sweater",1,"11"
"468",10,"inductive",20,"coffee maker",1,"11"
"469",10,"inductive",1200,"watch",4,"11"
"470",10,"concrete",234,"headphones",9,"11"
"471",10,"inductive",2.58,"headphones",1,"11"
"472",10,"concrete",900,"laptop",5,"11"
"473",10,"concrete",144,"headphones",9,"11"
"474",10,"inductive",85.5,"sweater",6,"11"
"475",10,"concrete",250,"watch",9,"11"
"476",10,"concrete",450,"watch",9,"11"
"477",10,"concrete",150,"sweater",9,"11"
"478",10,"inductive",100,"coffee maker",4,"11"
"479",10,"concrete",124,"coffee maker",9,"11"
"480",10,"concrete",24,"headphones",1,"11"
"481",10,"concrete",900,"watch",9,"11"
"482",10,"inductive",1850,"laptop",8,"11"
"483",10,"concrete",52,"coffee maker",1,"11"
"484",10,"concrete",1850,"laptop",9,"11"
"485",10,"inductive",200,"coffee maker",5,"11"
"486",10,"concrete",36,"sweater",1,"11"
"487",10,"concrete",57,"sweater",2,"11"
"488",10,"concrete",188,"coffee maker",9,"11"
"489",10,"inductive",185,"laptop",1,"11"
"490",10,"concrete",96,"headphones",9,"11"
"491",10,"concrete",350,"laptop",1,"11"
"492",10,"inductive",2,"coffee maker",1,"11"
"493",10,"inductive",129,"headphones",1,"11"
"494",10,"inductive",1295,"laptop",7,"11"
"495",10,"inductive",18.5,"laptop",1,"11"
"496",10,"concrete",24,"coffee maker",1,"11"
"497",10,"inductive",240,"watch",9,"11"
"498",10,"inductive",119.7,"sweater",9,"11"
"499",10,"inductive",24,"watch",1,"11"
"500",10,"concrete",1250,"laptop",7,"11"
"501",11,"concrete",144,"headphones",9,"11"
"502",11,"concrete",450,"watch",9,"11"
"503",11,"concrete",100,"watch",5,"11"
"504",11,"inductive",1295,"laptop",1,"11"
"505",11,"inductive",1.71,"sweater",9,"11"
"506",11,"concrete",350,"laptop",8,"11"
"507",11,"inductive",17.1,"sweater",9,"11"
"508",11,"inductive",1850,"laptop",1,"11"
"509",11,"concrete",52,"coffee maker",6,"11"
"510",11,"concrete",250,"watch",7,"11"
"511",11,"inductive",100,"coffee maker",5,"11"
"512",11,"concrete",1850,"laptop",9,"11"
"513",11,"concrete",1250,"laptop",9,"11"
"514",11,"concrete",36,"sweater",2,"11"
"515",11,"concrete",900,"watch",9,"11"
"516",11,"inductive",25.8,"headphones",8,"11"
"517",11,"inductive",1680,"watch",5,"11"
"518",11,"inductive",185,"laptop",8,"11"
"519",11,"inductive",119.7,"sweater",6,"11"
"520",11,"inductive",1200,"watch",6,"11"
"521",11,"concrete",18,"sweater",1,"11"
"522",11,"concrete",150,"sweater",9,"11"
"523",11,"inductive",200,"coffee maker",5,"11"
"524",11,"inductive",258,"headphones",3,"11"
"525",11,"concrete",96,"headphones",8,"11"
"526",11,"inductive",180.6,"headphones",2,"11"
"527",11,"inductive",925,"laptop",7,"11"
"528",11,"concrete",900,"laptop",9,"11"
"529",11,"concrete",188,"coffee maker",9,"11"
"530",11,"inductive",2,"coffee maker",9,"11"
"531",11,"inductive",20,"coffee maker",8,"11"
"532",11,"concrete",87,"sweater",9,"11"
"533",11,"inductive",24,"watch",9,"11"
"534",11,"inductive",85.5,"sweater",3,"11"
"535",11,"concrete",124,"coffee maker",9,"11"
"536",11,"inductive",171,"sweater",2,"11"
"537",11,"inductive",240,"watch",7,"11"
"538",11,"inductive",2400,"watch",3,"11"
"539",11,"inductive",18.5,"laptop",9,"11"
"540",11,"inductive",2.58,"headphones",9,"11"
"541",11,"inductive",140,"coffee maker",3,"11"
"542",11,"concrete",57,"sweater",5,"11"
"543",11,"concrete",24,"coffee maker",1,"11"
"544",11,"inductive",129,"headphones",3,"11"
"545",11,"concrete",600,"laptop",8,"11"
"546",11,"concrete",234,"headphones",9,"11"
"547",11,"concrete",2000,"watch",9,"11"
"548",11,"concrete",84,"coffee maker",8,"11"
"549",11,"concrete",24,"headphones",1,"11"
"550",11,"concrete",60,"headphones",5,"11"
"551",12,"inductive",100,"coffee maker",2,"11"
"552",12,"inductive",17.1,"sweater",3,"11"
"553",12,"concrete",1850,"laptop",8,"11"
"554",12,"concrete",24,"headphones",2,"11"
"555",12,"inductive",129,"headphones",4,"11"
"556",12,"concrete",1250,"laptop",8,"11"
"557",12,"inductive",1680,"watch",5,"11"
"558",12,"inductive",2400,"watch",5,"11"
"559",12,"concrete",234,"headphones",9,"11"
"560",12,"inductive",85.5,"sweater",3,"11"
"561",12,"concrete",150,"sweater",6,"11"
"562",12,"concrete",24,"coffee maker",5,"11"
"563",12,"inductive",1200,"watch",5,"11"
"564",12,"concrete",52,"coffee maker",6,"11"
"565",12,"concrete",450,"watch",2,"11"
"566",12,"concrete",100,"watch",1,"11"
"567",12,"concrete",36,"sweater",4,"11"
"568",12,"inductive",180.6,"headphones",3,"11"
"569",12,"inductive",1295,"laptop",3,"11"
"570",12,"inductive",18.5,"laptop",7,"11"
"571",12,"inductive",171,"sweater",2,"11"
"572",12,"inductive",25.8,"headphones",4,"11"
"573",12,"concrete",350,"laptop",3,"11"
"574",12,"concrete",60,"headphones",6,"11"
"575",12,"inductive",140,"coffee maker",3,"11"
"576",12,"concrete",57,"sweater",5,"11"
"577",12,"concrete",84,"coffee maker",7,"11"
"578",12,"inductive",258,"headphones",3,"11"
"579",12,"inductive",240,"watch",5,"11"
"580",12,"inductive",1850,"laptop",2,"11"
"581",12,"inductive",24,"watch",7,"11"
"582",12,"inductive",2,"coffee maker",5,"11"
"583",12,"concrete",144,"headphones",7,"11"
"584",12,"inductive",200,"coffee maker",4,"11"
"585",12,"concrete",18,"sweater",2,"11"
"586",12,"concrete",900,"watch",6,"11"
"587",12,"concrete",250,"watch",4,"11"
"588",12,"concrete",96,"headphones",8,"11"
"589",12,"inductive",1.71,"sweater",7,"11"
"590",12,"inductive",925,"laptop",5,"11"
"591",12,"concrete",87,"sweater",6,"11"
"592",12,"concrete",124,"coffee maker",8,"11"
"593",12,"concrete",900,"laptop",6,"11"
"594",12,"concrete",600,"laptop",5,"11"
"595",12,"inductive",2.58,"headphones",5,"11"
"596",12,"inductive",20,"coffee maker",3,"11"
"597",12,"concrete",2000,"watch",8,"11"
"598",12,"inductive",119.7,"sweater",3,"11"
"599",12,"concrete",188,"coffee maker",8,"11"
"600",12,"inductive",185,"laptop",6,"11"
"601",13,"concrete",124,"coffee maker",7,"11"
"602",13,"concrete",900,"watch",9,"11"
"603",13,"concrete",150,"sweater",9,"11"
"604",13,"concrete",1850,"laptop",8,"11"
"605",13,"concrete",250,"watch",9,"11"
"606",13,"inductive",119.7,"sweater",5,"11"
"607",13,"concrete",450,"watch",9,"11"
"608",13,"inductive",18.5,"laptop",7,"11"
"609",13,"concrete",60,"headphones",6,"11"
"610",13,"concrete",188,"coffee maker",9,"11"
"611",13,"concrete",350,"laptop",2,"11"
"612",13,"concrete",84,"coffee maker",4,"11"
"613",13,"inductive",1680,"watch",5,"11"
"614",13,"inductive",2,"coffee maker",8,"11"
"615",13,"inductive",129,"headphones",6,"11"
"616",13,"concrete",96,"headphones",8,"11"
"617",13,"concrete",52,"coffee maker",2,"11"
"618",13,"concrete",87,"sweater",6,"11"
"619",13,"concrete",144,"headphones",9,"11"
"620",13,"inductive",258,"headphones",5,"11"
"621",13,"inductive",85.5,"sweater",5,"11"
"622",13,"inductive",24,"watch",8,"11"
"623",13,"concrete",57,"sweater",6,"11"
"624",13,"concrete",36,"sweater",4,"11"
"625",13,"concrete",24,"headphones",2,"11"
"626",13,"inductive",240,"watch",5,"11"
"627",13,"inductive",1850,"laptop",5,"11"
"628",13,"inductive",140,"coffee maker",5,"11"
"629",13,"inductive",1.71,"sweater",9,"11"
"630",13,"concrete",1250,"laptop",6,"11"
"631",13,"inductive",2.58,"headphones",8,"11"
"632",13,"inductive",2400,"watch",5,"11"
"633",13,"inductive",1200,"watch",5,"11"
"634",13,"inductive",17.1,"sweater",5,"11"
"635",13,"inductive",1295,"laptop",5,"11"
"636",13,"inductive",20,"coffee maker",5,"11"
"637",13,"concrete",600,"laptop",4,"11"
"638",13,"inductive",180.6,"headphones",5,"11"
"639",13,"inductive",171,"sweater",5,"11"
"640",13,"inductive",925,"laptop",5,"11"
"641",13,"concrete",2000,"watch",9,"11"
"642",13,"inductive",200,"coffee maker",5,"11"
"643",13,"concrete",24,"coffee maker",1,"11"
"644",13,"inductive",100,"coffee maker",5,"11"
"645",13,"concrete",18,"sweater",1,"11"
"646",13,"inductive",25.8,"headphones",5,"11"
"647",13,"concrete",234,"headphones",9,"11"
"648",13,"concrete",100,"watch",7,"11"
"649",13,"inductive",185,"laptop",5,"11"
"650",13,"concrete",900,"laptop",7,"11"
"651",14,"inductive",240,"watch",2,"11"
"652",14,"inductive",1295,"laptop",1,"11"
"653",14,"inductive",2400,"watch",1,"11"
"654",14,"inductive",119.7,"sweater",1,"11"
"655",14,"concrete",57,"sweater",7,"11"
"656",14,"inductive",18.5,"laptop",9,"11"
"657",14,"inductive",17.1,"sweater",9,"11"
"658",14,"concrete",96,"headphones",9,"11"
"659",14,"inductive",2.58,"headphones",9,"11"
"660",14,"inductive",25.8,"headphones",6,"11"
"661",14,"concrete",144,"headphones",9,"11"
"662",14,"inductive",258,"headphones",1,"11"
"663",14,"inductive",1680,"watch",1,"11"
"664",14,"inductive",185,"laptop",9,"11"
"665",14,"concrete",36,"sweater",4,"11"
"666",14,"inductive",85.5,"sweater",2,"11"
"667",14,"concrete",60,"headphones",7,"11"
"668",14,"concrete",234,"headphones",9,"11"
"669",14,"inductive",1.71,"sweater",9,"11"
"670",14,"concrete",1850,"laptop",9,"11"
"671",14,"inductive",200,"coffee maker",2,"11"
"672",14,"concrete",150,"sweater",9,"11"
"673",14,"concrete",24,"coffee maker",1,"11"
"674",14,"concrete",1250,"laptop",9,"11"
"675",14,"inductive",171,"sweater",1,"11"
"676",14,"concrete",100,"watch",6,"11"
"677",14,"inductive",140,"coffee maker",1,"11"
"678",14,"inductive",180.6,"headphones",1,"11"
"679",14,"concrete",18,"sweater",2,"11"
"680",14,"inductive",24,"watch",9,"11"
"681",14,"inductive",925,"laptop",1,"11"
"682",14,"inductive",20,"coffee maker",9,"11"
"683",14,"inductive",2,"coffee maker",9,"11"
"684",14,"concrete",2000,"watch",9,"11"
"685",14,"concrete",900,"laptop",8,"11"
"686",14,"concrete",84,"coffee maker",7,"11"
"687",14,"concrete",52,"coffee maker",4,"11"
"688",14,"concrete",450,"watch",9,"11"
"689",14,"concrete",87,"sweater",9,"11"
"690",14,"concrete",188,"coffee maker",9,"11"
"691",14,"concrete",600,"laptop",7,"11"
"692",14,"inductive",1200,"watch",1,"11"
"693",14,"inductive",1850,"laptop",1,"11"
"694",14,"concrete",24,"headphones",1,"11"
"695",14,"concrete",250,"watch",9,"11"
"696",14,"concrete",900,"watch",9,"11"
"697",14,"inductive",100,"coffee maker",1,"11"
"698",14,"concrete",124,"coffee maker",9,"11"
"699",14,"inductive",129,"headphones",1,"11"
"700",14,"concrete",350,"laptop",5,"11"
"701",15,"inductive",20,"coffee maker",7,"11"
"702",15,"concrete",234,"headphones",8,"11"
"703",15,"concrete",36,"sweater",6,"11"
"704",15,"concrete",24,"headphones",5,"11"
"705",15,"inductive",258,"headphones",7,"11"
"706",15,"concrete",96,"headphones",5,"11"
"707",15,"inductive",18.5,"laptop",7,"11"
"708",15,"concrete",100,"watch",5,"11"
"709",15,"inductive",1.71,"sweater",7,"11"
"710",15,"inductive",240,"watch",5,"11"
"711",15,"inductive",2400,"watch",7,"11"
"712",15,"concrete",144,"headphones",4,"11"
"713",15,"inductive",100,"coffee maker",7,"11"
"714",15,"inductive",200,"coffee maker",5,"11"
"715",15,"inductive",1200,"watch",7,"11"
"716",15,"inductive",185,"laptop",4,"11"
"717",15,"inductive",171,"sweater",7,"11"
"718",15,"inductive",2.58,"headphones",4,"11"
"719",15,"concrete",124,"coffee maker",7,"11"
"720",15,"concrete",87,"sweater",4,"11"
"721",15,"inductive",1680,"watch",5,"11"
"722",15,"inductive",17.1,"sweater",4,"11"
"723",15,"inductive",129,"headphones",7,"11"
"724",15,"concrete",1850,"laptop",4,"11"
"725",15,"concrete",18,"sweater",7,"11"
"726",15,"concrete",450,"watch",5,"11"
"727",15,"inductive",24,"watch",7,"11"
"728",15,"concrete",188,"coffee maker",4,"11"
"729",15,"concrete",250,"watch",7,"11"
"730",15,"concrete",1250,"laptop",4,"11"
"731",15,"concrete",24,"coffee maker",8,"11"
"732",15,"concrete",52,"coffee maker",4,"11"
"733",15,"concrete",2000,"watch",8,"11"
"734",15,"inductive",119.7,"sweater",5,"11"
"735",15,"inductive",1295,"laptop",7,"11"
"736",15,"inductive",85.5,"sweater",4,"11"
"737",15,"inductive",925,"laptop",8,"11"
"738",15,"concrete",150,"sweater",6,"11"
"739",15,"concrete",900,"laptop",4,"11"
"740",15,"concrete",57,"sweater",7,"11"
"741",15,"concrete",900,"watch",5,"11"
"742",15,"concrete",350,"laptop",7,"11"
"743",15,"concrete",600,"laptop",8,"11"
"744",15,"inductive",2,"coffee maker",6,"11"
"745",15,"inductive",25.8,"headphones",3,"11"
"746",15,"inductive",140,"coffee maker",6,"11"
"747",15,"inductive",1850,"laptop",5,"11"
"748",15,"concrete",84,"coffee maker",7,"11"
"749",15,"inductive",180.6,"headphones",7,"11"
"750",15,"concrete",60,"headphones",6,"11"
"751",16,"concrete",450,"watch",6,"11"
"752",16,"concrete",124,"coffee maker",1,"11"
"753",16,"concrete",2000,"watch",7,"11"
"754",16,"inductive",258,"headphones",1,"11"
"755",16,"inductive",85.5,"sweater",7,"11"
"756",16,"inductive",24,"watch",9,"11"
"757",16,"concrete",18,"sweater",1,"11"
"758",16,"concrete",150,"sweater",8,"11"
"759",16,"concrete",57,"sweater",6,"11"
"760",16,"inductive",925,"laptop",6,"11"
"761",16,"inductive",1850,"laptop",1,"11"
"762",16,"concrete",900,"laptop",6,"11"
"763",16,"inductive",100,"coffee maker",7,"11"
"764",16,"inductive",1200,"watch",9,"11"
"765",16,"concrete",24,"coffee maker",1,"11"
"766",16,"inductive",20,"coffee maker",9,"11"
"767",16,"inductive",140,"coffee maker",5,"11"
"768",16,"concrete",36,"sweater",5,"11"
"769",16,"inductive",1680,"watch",9,"11"
"770",16,"concrete",188,"coffee maker",5,"11"
"771",16,"concrete",234,"headphones",8,"11"
"772",16,"concrete",60,"headphones",4,"11"
"773",16,"concrete",144,"headphones",6,"11"
"774",16,"inductive",119.7,"sweater",6,"11"
"775",16,"concrete",350,"laptop",1,"11"
"776",16,"concrete",250,"watch",4,"11"
"777",16,"concrete",24,"headphones",2,"11"
"778",16,"concrete",52,"coffee maker",3,"11"
"779",16,"inductive",2400,"watch",8,"11"
"780",16,"inductive",1.71,"sweater",9,"11"
"781",16,"concrete",96,"headphones",5,"11"
"782",16,"concrete",600,"laptop",4,"11"
"783",16,"inductive",200,"coffee maker",3,"11"
"784",16,"inductive",25.8,"headphones",9,"11"
"785",16,"concrete",1850,"laptop",9,"11"
"786",16,"inductive",185,"laptop",9,"11"
"787",16,"concrete",1250,"laptop",7,"11"
"788",16,"concrete",900,"watch",7,"11"
"789",16,"inductive",171,"sweater",2,"11"
"790",16,"inductive",17.1,"sweater",9,"11"
"791",16,"concrete",84,"coffee maker",5,"11"
"792",16,"inductive",2,"coffee maker",9,"11"
"793",16,"inductive",180.6,"headphones",6,"11"
"794",16,"inductive",18.5,"laptop",9,"11"
"795",16,"concrete",100,"watch",1,"11"
"796",16,"inductive",129,"headphones",5,"11"
"797",16,"inductive",2.58,"headphones",9,"11"
"798",16,"concrete",87,"sweater",6,"11"
"799",16,"inductive",240,"watch",9,"11"
"800",16,"inductive",1295,"laptop",4,"11"
"801",17,"concrete",57,"sweater",5,"11"
"802",17,"inductive",2.58,"headphones",5,"11"
"803",17,"concrete",87,"sweater",6,"11"
"804",17,"concrete",150,"sweater",8,"11"
"805",17,"inductive",1850,"laptop",1,"11"
"806",17,"inductive",2,"coffee maker",8,"11"
"807",17,"inductive",180.6,"headphones",4,"11"
"808",17,"concrete",24,"headphones",3,"11"
"809",17,"inductive",1295,"laptop",1,"11"
"810",17,"concrete",234,"headphones",8,"11"
"811",17,"concrete",450,"watch",8,"11"
"812",17,"concrete",144,"headphones",6,"11"
"813",17,"concrete",1250,"laptop",8,"11"
"814",17,"inductive",240,"watch",6,"11"
"815",17,"inductive",85.5,"sweater",5,"11"
"816",17,"inductive",140,"coffee maker",4,"11"
"817",17,"concrete",350,"laptop",1,"11"
"818",17,"concrete",124,"coffee maker",6,"11"
"819",17,"inductive",18.5,"laptop",5,"11"
"820",17,"inductive",200,"coffee maker",3,"11"
"821",17,"concrete",52,"coffee maker",2,"11"
"822",17,"inductive",258,"headphones",3,"11"
"823",17,"concrete",36,"sweater",3,"11"
"824",17,"concrete",2000,"watch",9,"11"
"825",17,"inductive",20,"coffee maker",5,"11"
"826",17,"concrete",600,"laptop",4,"11"
"827",17,"inductive",24,"watch",5,"11"
"828",17,"inductive",129,"headphones",5,"11"
"829",17,"inductive",171,"sweater",4,"11"
"830",17,"concrete",96,"headphones",6,"11"
"831",17,"concrete",18,"sweater",5,"11"
"832",17,"inductive",100,"coffee maker",3,"11"
"833",17,"concrete",900,"laptop",6,"11"
"834",17,"concrete",900,"watch",8,"11"
"835",17,"inductive",17.1,"sweater",5,"11"
"836",17,"concrete",250,"watch",8,"11"
"837",17,"concrete",1850,"laptop",9,"11"
"838",17,"concrete",100,"watch",6,"11"
"839",17,"concrete",60,"headphones",5,"11"
"840",17,"inductive",119.7,"sweater",4,"11"
"841",17,"concrete",188,"coffee maker",5,"11"
"842",17,"inductive",1680,"watch",1,"11"
"843",17,"inductive",925,"laptop",4,"11"
"844",17,"inductive",25.8,"headphones",6,"11"
"845",17,"concrete",24,"coffee maker",1,"11"
"846",17,"inductive",2400,"watch",1,"11"
"847",17,"concrete",84,"coffee maker",4,"11"
"848",17,"inductive",185,"laptop",5,"11"
"849",17,"inductive",1200,"watch",1,"11"
"850",17,"inductive",1.71,"sweater",7,"11"
"851",18,"inductive",20,"coffee maker",6,"11"
"852",18,"concrete",124,"coffee maker",9,"11"
"853",18,"inductive",24,"watch",9,"11"
"854",18,"concrete",900,"watch",7,"11"
"855",18,"inductive",1200,"watch",9,"11"
"856",18,"inductive",185,"laptop",6,"11"
"857",18,"concrete",188,"coffee maker",9,"11"
"858",18,"inductive",140,"coffee maker",6,"11"
"859",18,"inductive",180.6,"headphones",1,"11"
"860",18,"inductive",171,"sweater",1,"11"
"861",18,"concrete",1250,"laptop",7,"11"
"862",18,"concrete",60,"headphones",5,"11"
"863",18,"inductive",925,"laptop",1,"11"
"864",18,"concrete",144,"headphones",8,"11"
"865",18,"concrete",234,"headphones",9,"11"
"866",18,"concrete",24,"coffee maker",1,"11"
"867",18,"inductive",1850,"laptop",1,"11"
"868",18,"concrete",87,"sweater",7,"11"
"869",18,"inductive",25.8,"headphones",7,"11"
"870",18,"inductive",2400,"watch",1,"11"
"871",18,"concrete",250,"watch",1,"11"
"872",18,"inductive",129,"headphones",6,"11"
"873",18,"inductive",258,"headphones",1,"11"
"874",18,"inductive",2,"coffee maker",9,"11"
"875",18,"concrete",57,"sweater",5,"11"
"876",18,"concrete",18,"sweater",1,"11"
"877",18,"inductive",200,"coffee maker",1,"11"
"878",18,"concrete",1850,"laptop",8,"11"
"879",18,"concrete",900,"laptop",5,"11"
"880",18,"concrete",100,"watch",1,"11"
"881",18,"concrete",96,"headphones",6,"11"
"882",18,"concrete",2000,"watch",8,"11"
"883",18,"inductive",100,"coffee maker",3,"11"
"884",18,"inductive",1680,"watch",1,"11"
"885",18,"concrete",350,"laptop",1,"11"
"886",18,"inductive",18.5,"laptop",9,"11"
"887",18,"inductive",1295,"laptop",1,"11"
"888",18,"inductive",85.5,"sweater",1,"11"
"889",18,"inductive",119.7,"sweater",1,"11"
"890",18,"inductive",2.58,"headphones",9,"11"
"891",18,"concrete",450,"watch",5,"11"
"892",18,"concrete",36,"sweater",1,"11"
"893",18,"concrete",600,"laptop",1,"11"
"894",18,"concrete",52,"coffee maker",5,"11"
"895",18,"concrete",150,"sweater",9,"11"
"896",18,"inductive",240,"watch",7,"11"
"897",18,"inductive",17.1,"sweater",9,"11"
"898",18,"concrete",24,"headphones",1,"11"
"899",18,"concrete",84,"coffee maker",7,"11"
"900",18,"inductive",1.71,"sweater",9,"11"
"901",19,"inductive",85.5,"sweater",2,"11"
"902",19,"inductive",2.58,"headphones",8,"11"
"903",19,"inductive",180.6,"headphones",2,"11"
"904",19,"inductive",2400,"watch",2,"11"
"905",19,"concrete",900,"laptop",8,"11"
"906",19,"concrete",2000,"watch",8,"11"
"907",19,"inductive",1.71,"sweater",8,"11"
"908",19,"concrete",84,"coffee maker",8,"11"
"909",19,"inductive",2,"coffee maker",8,"11"
"910",19,"inductive",185,"laptop",5,"11"
"911",19,"concrete",87,"sweater",7,"11"
"912",19,"inductive",1850,"laptop",2,"11"
"913",19,"concrete",18,"sweater",1,"11"
"914",19,"inductive",925,"laptop",2,"11"
"915",19,"concrete",144,"headphones",7,"11"
"916",19,"inductive",200,"coffee maker",3,"11"
"917",19,"concrete",1850,"laptop",9,"11"
"918",19,"concrete",600,"laptop",5,"11"
"919",19,"inductive",1680,"watch",2,"11"
"920",19,"concrete",57,"sweater",5,"11"
"921",19,"concrete",60,"headphones",5,"11"
"922",19,"inductive",171,"sweater",4,"11"
"923",19,"inductive",25.8,"headphones",7,"11"
"924",19,"concrete",52,"coffee maker",5,"11"
"925",19,"inductive",129,"headphones",3,"11"
"926",19,"inductive",240,"watch",5,"11"
"927",19,"inductive",100,"coffee maker",5,"11"
"928",19,"inductive",1200,"watch",2,"11"
"929",19,"concrete",124,"coffee maker",7,"11"
"930",19,"concrete",96,"headphones",6,"11"
"931",19,"concrete",100,"watch",4,"11"
"932",19,"concrete",250,"watch",5,"11"
"933",19,"concrete",24,"headphones",3,"11"
"934",19,"inductive",1295,"laptop",2,"11"
"935",19,"concrete",150,"sweater",6,"11"
"936",19,"concrete",24,"coffee maker",1,"11"
"937",19,"concrete",188,"coffee maker",7,"11"
"938",19,"concrete",900,"watch",7,"11"
"939",19,"concrete",36,"sweater",3,"11"
"940",19,"concrete",234,"headphones",7,"11"
"941",19,"concrete",450,"watch",6,"11"
"942",19,"inductive",24,"watch",7,"11"
"943",19,"inductive",17.1,"sweater",8,"11"
"944",19,"concrete",350,"laptop",2,"11"
"945",19,"inductive",258,"headphones",3,"11"
"946",19,"inductive",18.5,"laptop",8,"11"
"947",19,"inductive",119.7,"sweater",3,"11"
"948",19,"inductive",20,"coffee maker",8,"11"
"949",19,"concrete",1250,"laptop",7,"11"
"950",19,"inductive",140,"coffee maker",3,"11"
"951",20,"inductive",240,"watch",5,"11"
"952",20,"inductive",17.1,"sweater",9,"11"
"953",20,"concrete",450,"watch",3,"11"
"954",20,"inductive",24,"watch",9,"11"
"955",20,"inductive",200,"coffee maker",2,"11"
"956",20,"inductive",1295,"laptop",1,"11"
"957",20,"concrete",144,"headphones",1,"11"
"958",20,"concrete",52,"coffee maker",1,"11"
"959",20,"inductive",1200,"watch",3,"11"
"960",20,"inductive",119.7,"sweater",3,"11"
"961",20,"inductive",2.58,"headphones",9,"11"
"962",20,"concrete",250,"watch",1,"11"
"963",20,"inductive",171,"sweater",1,"11"
"964",20,"inductive",180.6,"headphones",1,"11"
"965",20,"concrete",600,"laptop",1,"11"
"966",20,"concrete",60,"headphones",1,"11"
"967",20,"concrete",900,"watch",9,"11"
"968",20,"inductive",925,"laptop",1,"11"
"969",20,"inductive",258,"headphones",1,"11"
"970",20,"concrete",1250,"laptop",2,"11"
"971",20,"inductive",100,"coffee maker",3,"11"
"972",20,"concrete",900,"laptop",2,"11"
"973",20,"inductive",2,"coffee maker",9,"11"
"974",20,"concrete",234,"headphones",9,"11"
"975",20,"concrete",150,"sweater",9,"11"
"976",20,"inductive",1.71,"sweater",9,"11"
"977",20,"inductive",129,"headphones",1,"11"
"978",20,"concrete",18,"sweater",1,"11"
"979",20,"inductive",18.5,"laptop",9,"11"
"980",20,"inductive",1850,"laptop",1,"11"
"981",20,"concrete",87,"sweater",2,"11"
"982",20,"inductive",140,"coffee maker",1,"11"
"983",20,"concrete",36,"sweater",1,"11"
"984",20,"concrete",100,"watch",1,"11"
"985",20,"concrete",57,"sweater",1,"11"
"986",20,"concrete",1850,"laptop",9,"11"
"987",20,"concrete",350,"laptop",1,"11"
"988",20,"inductive",25.8,"headphones",7,"11"
"989",20,"concrete",84,"coffee maker",1,"11"
"990",20,"concrete",96,"headphones",1,"11"
"991",20,"inductive",185,"laptop",7,"11"
"992",20,"concrete",188,"coffee maker",9,"11"
"993",20,"inductive",20,"coffee maker",6,"11"
"994",20,"inductive",2400,"watch",1,"11"
"995",20,"inductive",1680,"watch",1,"11"
"996",20,"inductive",85.5,"sweater",2,"11"
"997",20,"concrete",2000,"watch",9,"11"
"998",20,"concrete",124,"coffee maker",9,"11"
"999",20,"concrete",24,"headphones",1,"11"
"1000",20,"concrete",24,"coffee maker",1,"11"
"1001",21,"inductive",1200,"watch",3,"11"
"1002",21,"concrete",188,"coffee maker",8,"11"
"1003",21,"inductive",2400,"watch",3,"11"
"1004",21,"concrete",24,"headphones",1,"11"
"1005",21,"concrete",144,"headphones",7,"11"
"1006",21,"inductive",171,"sweater",2,"11"
"1007",21,"inductive",140,"coffee maker",1,"11"
"1008",21,"concrete",84,"coffee maker",5,"11"
"1009",21,"concrete",2000,"watch",9,"11"
"1010",21,"inductive",85.5,"sweater",2,"11"
"1011",21,"concrete",18,"sweater",1,"11"
"1012",21,"inductive",24,"watch",7,"11"
"1013",21,"concrete",24,"coffee maker",1,"11"
"1014",21,"inductive",258,"headphones",2,"11"
"1015",21,"concrete",250,"watch",3,"11"
"1016",21,"inductive",185,"laptop",4,"11"
"1017",21,"inductive",25.8,"headphones",5,"11"
"1018",21,"inductive",1.71,"sweater",9,"11"
"1019",21,"concrete",1250,"laptop",9,"11"
"1020",21,"concrete",234,"headphones",9,"11"
"1021",21,"inductive",129,"headphones",4,"11"
"1022",21,"inductive",100,"coffee maker",4,"11"
"1023",21,"concrete",450,"watch",6,"11"
"1024",21,"concrete",96,"headphones",5,"11"
"1025",21,"concrete",87,"sweater",7,"11"
"1026",21,"concrete",150,"sweater",9,"11"
"1027",21,"concrete",60,"headphones",5,"11"
"1028",21,"inductive",1295,"laptop",4,"11"
"1029",21,"concrete",100,"watch",2,"11"
"1030",21,"concrete",124,"coffee maker",7,"11"
"1031",21,"concrete",52,"coffee maker",3,"11"
"1032",21,"inductive",20,"coffee maker",7,"11"
"1033",21,"inductive",240,"watch",8,"11"
"1034",21,"inductive",2,"coffee maker",9,"11"
"1035",21,"inductive",2.58,"headphones",9,"11"
"1036",21,"concrete",900,"watch",9,"11"
"1037",21,"inductive",1680,"watch",2,"11"
"1038",21,"concrete",57,"sweater",7,"11"
"1039",21,"inductive",18.5,"laptop",9,"11"
"1040",21,"inductive",180.6,"headphones",3,"11"
"1041",21,"concrete",36,"sweater",4,"11"
"1042",21,"inductive",200,"coffee maker",2,"11"
"1043",21,"inductive",1850,"laptop",2,"11"
"1044",21,"inductive",925,"laptop",4,"11"
"1045",21,"inductive",17.1,"sweater",6,"11"
"1046",21,"concrete",900,"laptop",6,"11"
"1047",21,"concrete",600,"laptop",5,"11"
"1048",21,"concrete",350,"laptop",1,"11"
"1049",21,"inductive",119.7,"sweater",5,"11"
"1050",21,"concrete",1850,"laptop",9,"11"
"1051",22,"inductive",240,"watch",4,"11"
"1052",22,"inductive",1.71,"sweater",9,"11"
"1053",22,"inductive",17.1,"sweater",5,"11"
"1054",22,"inductive",2400,"watch",3,"11"
"1055",22,"inductive",140,"coffee maker",4,"11"
"1056",22,"inductive",2,"coffee maker",7,"11"
"1057",22,"concrete",36,"sweater",6,"11"
"1058",22,"concrete",900,"watch",9,"11"
"1059",22,"concrete",900,"laptop",4,"11"
"1060",22,"concrete",87,"sweater",7,"11"
"1061",22,"concrete",100,"watch",4,"11"
"1062",22,"inductive",2.58,"headphones",6,"11"
"1063",22,"concrete",234,"headphones",6,"11"
"1064",22,"inductive",1200,"watch",4,"11"
"1065",22,"inductive",20,"coffee maker",4,"11"
"1066",22,"concrete",350,"laptop",1,"11"
"1067",22,"inductive",185,"laptop",6,"11"
"1068",22,"inductive",1295,"laptop",3,"11"
"1069",22,"concrete",188,"coffee maker",6,"11"
"1070",22,"concrete",1250,"laptop",3,"11"
"1071",22,"inductive",1850,"laptop",3,"11"
"1072",22,"concrete",57,"sweater",7,"11"
"1073",22,"concrete",2000,"watch",9,"11"
"1074",22,"inductive",171,"sweater",3,"11"
"1075",22,"concrete",144,"headphones",6,"11"
"1076",22,"inductive",258,"headphones",7,"11"
"1077",22,"inductive",24,"watch",6,"11"
"1078",22,"inductive",18.5,"laptop",8,"11"
"1079",22,"inductive",1680,"watch",4,"11"
"1080",22,"concrete",84,"coffee maker",7,"11"
"1081",22,"inductive",100,"coffee maker",5,"11"
"1082",22,"concrete",1850,"laptop",8,"11"
"1083",22,"concrete",450,"watch",9,"11"
"1084",22,"inductive",119.7,"sweater",4,"11"
"1085",22,"concrete",52,"coffee maker",6,"11"
"1086",22,"concrete",150,"sweater",7,"11"
"1087",22,"inductive",129,"headphones",3,"11"
"1088",22,"inductive",180.6,"headphones",4,"11"
"1089",22,"concrete",24,"headphones",1,"11"
"1090",22,"inductive",200,"coffee maker",4,"11"
"1091",22,"inductive",25.8,"headphones",6,"11"
"1092",22,"concrete",124,"coffee maker",5,"11"
"1093",22,"concrete",250,"watch",6,"11"
"1094",22,"concrete",60,"headphones",3,"11"
"1095",22,"inductive",85.5,"sweater",4,"11"
"1096",22,"concrete",96,"headphones",6,"11"
"1097",22,"concrete",24,"coffee maker",3,"11"
"1098",22,"concrete",600,"laptop",4,"11"
"1099",22,"concrete",18,"sweater",1,"11"
"1100",22,"inductive",925,"laptop",3,"11"
"1101",23,"inductive",129,"headphones",4,"11"
"1102",23,"concrete",900,"watch",9,"11"
"1103",23,"concrete",1850,"laptop",7,"11"
"1104",23,"concrete",87,"sweater",7,"11"
"1105",23,"concrete",234,"headphones",9,"11"
"1106",23,"concrete",250,"watch",5,"11"
"1107",23,"concrete",150,"sweater",8,"11"
"1108",23,"concrete",600,"laptop",4,"11"
"1109",23,"inductive",1295,"laptop",3,"11"
"1110",23,"inductive",2400,"watch",3,"11"
"1111",23,"inductive",1850,"laptop",2,"11"
"1112",23,"concrete",188,"coffee maker",7,"11"
"1113",23,"inductive",925,"laptop",4,"11"
"1114",23,"concrete",96,"headphones",6,"11"
"1115",23,"concrete",350,"laptop",2,"11"
"1116",23,"concrete",24,"coffee maker",1,"11"
"1117",23,"concrete",36,"sweater",2,"11"
"1118",23,"concrete",100,"watch",2,"11"
"1119",23,"inductive",1.71,"sweater",6,"11"
"1120",23,"inductive",17.1,"sweater",5,"11"
"1121",23,"inductive",1200,"watch",2,"11"
"1122",23,"inductive",258,"headphones",2,"11"
"1123",23,"concrete",2000,"watch",9,"11"
"1124",23,"inductive",185,"laptop",5,"11"
"1125",23,"concrete",124,"coffee maker",5,"11"
"1126",23,"concrete",57,"sweater",5,"11"
"1127",23,"inductive",171,"sweater",4,"11"
"1128",23,"inductive",180.6,"headphones",3,"11"
"1129",23,"concrete",60,"headphones",5,"11"
"1130",23,"inductive",24,"watch",5,"11"
"1131",23,"inductive",240,"watch",4,"11"
"1132",23,"inductive",100,"coffee maker",3,"11"
"1133",23,"inductive",85.5,"sweater",2,"11"
"1134",23,"inductive",20,"coffee maker",6,"11"
"1135",23,"inductive",18.5,"laptop",8,"11"
"1136",23,"concrete",24,"headphones",2,"11"
"1137",23,"inductive",1680,"watch",2,"11"
"1138",23,"concrete",52,"coffee maker",4,"11"
"1139",23,"concrete",144,"headphones",6,"11"
"1140",23,"inductive",140,"coffee maker",2,"11"
"1141",23,"concrete",84,"coffee maker",4,"11"
"1142",23,"concrete",450,"watch",6,"11"
"1143",23,"inductive",200,"coffee maker",2,"11"
"1144",23,"concrete",1250,"laptop",5,"11"
"1145",23,"inductive",2.58,"headphones",8,"11"
"1146",23,"inductive",2,"coffee maker",8,"11"
"1147",23,"concrete",18,"sweater",1,"11"
"1148",23,"inductive",25.8,"headphones",6,"11"
"1149",23,"concrete",900,"laptop",4,"11"
"1150",23,"inductive",119.7,"sweater",2,"11"
"1151",25,"concrete",36,"sweater",5,"11"
"1152",25,"concrete",150,"sweater",9,"11"
"1153",25,"inductive",25.8,"headphones",5,"11"
"1154",25,"inductive",2400,"watch",9,"11"
"1155",25,"concrete",60,"headphones",6,"11"
"1156",25,"concrete",900,"watch",7,"11"
"1157",25,"concrete",96,"headphones",7,"11"
"1158",25,"concrete",87,"sweater",7,"11"
"1159",25,"concrete",1250,"laptop",7,"11"
"1160",25,"concrete",18,"sweater",3,"11"
"1161",25,"inductive",100,"coffee maker",6,"11"
"1162",25,"concrete",350,"laptop",3,"11"
"1163",25,"concrete",250,"watch",5,"11"
"1164",25,"inductive",140,"coffee maker",5,"11"
"1165",25,"inductive",18.5,"laptop",9,"11"
"1166",25,"concrete",100,"watch",5,"11"
"1167",25,"inductive",1295,"laptop",4,"11"
"1168",25,"concrete",188,"coffee maker",8,"11"
"1169",25,"concrete",1850,"laptop",9,"11"
"1170",25,"inductive",20,"coffee maker",8,"11"
"1171",25,"inductive",17.1,"sweater",7,"11"
"1172",25,"concrete",57,"sweater",6,"11"
"1173",25,"inductive",24,"watch",9,"11"
"1174",25,"concrete",24,"headphones",2,"11"
"1175",25,"concrete",900,"laptop",6,"11"
"1176",25,"inductive",1680,"watch",8,"11"
"1177",25,"concrete",52,"coffee maker",3,"11"
"1178",25,"inductive",2.58,"headphones",8,"11"
"1179",25,"inductive",185,"laptop",7,"11"
"1180",25,"inductive",180.6,"headphones",4,"11"
"1181",25,"concrete",124,"coffee maker",7,"11"
"1182",25,"inductive",119.7,"sweater",2,"11"
"1183",25,"concrete",84,"coffee maker",5,"11"
"1184",25,"inductive",240,"watch",8,"11"
"1185",25,"concrete",450,"watch",8,"11"
"1186",25,"inductive",925,"laptop",6,"11"
"1187",25,"inductive",85.5,"sweater",4,"11"
"1188",25,"concrete",144,"headphones",7,"11"
"1189",25,"concrete",24,"coffee maker",2,"11"
"1190",25,"inductive",200,"coffee maker",3,"11"
"1191",25,"inductive",1200,"watch",6,"11"
"1192",25,"inductive",1850,"laptop",4,"11"
"1193",25,"inductive",1.71,"sweater",9,"11"
"1194",25,"concrete",2000,"watch",9,"11"
"1195",25,"concrete",234,"headphones",9,"11"
"1196",25,"inductive",171,"sweater",4,"11"
"1197",25,"inductive",258,"headphones",3,"11"
"1198",25,"inductive",2,"coffee maker",9,"11"
"1199",25,"concrete",600,"laptop",4,"11"
"1200",25,"inductive",129,"headphones",4,"11"
"1201",26,"concrete",2000,"watch",8,"11"
"1202",26,"inductive",180.6,"headphones",3,"11"
"1203",26,"inductive",119.7,"sweater",3,"11"
"1204",26,"inductive",1200,"watch",3,"11"
"1205",26,"concrete",250,"watch",5,"11"
"1206",26,"inductive",171,"sweater",5,"11"
"1207",26,"concrete",1250,"laptop",5,"11"
"1208",26,"inductive",2,"coffee maker",7,"11"
"1209",26,"inductive",25.8,"headphones",7,"11"
"1210",26,"inductive",2400,"watch",5,"11"
"1211",26,"concrete",57,"sweater",4,"11"
"1212",26,"inductive",1295,"laptop",5,"11"
"1213",26,"inductive",1850,"laptop",5,"11"
"1214",26,"concrete",350,"laptop",1,"11"
"1215",26,"concrete",87,"sweater",5,"11"
"1216",26,"concrete",84,"coffee maker",3,"11"
"1217",26,"concrete",234,"headphones",7,"11"
"1218",26,"concrete",36,"sweater",2,"11"
"1219",26,"inductive",200,"coffee maker",4,"11"
"1220",26,"concrete",100,"watch",3,"11"
"1221",26,"concrete",1850,"laptop",8,"11"
"1222",26,"concrete",124,"coffee maker",6,"11"
"1223",26,"inductive",185,"laptop",5,"11"
"1224",26,"concrete",900,"laptop",6,"11"
"1225",26,"concrete",24,"coffee maker",1,"11"
"1226",26,"inductive",100,"coffee maker",5,"11"
"1227",26,"inductive",129,"headphones",5,"11"
"1228",26,"inductive",140,"coffee maker",5,"11"
"1229",26,"concrete",600,"laptop",4,"11"
"1230",26,"inductive",925,"laptop",5,"11"
"1231",26,"concrete",18,"sweater",1,"11"
"1232",26,"concrete",150,"sweater",7,"11"
"1233",26,"inductive",1680,"watch",5,"11"
"1234",26,"inductive",17.1,"sweater",5,"11"
"1235",26,"inductive",18.5,"laptop",5,"11"
"1236",26,"concrete",60,"headphones",2,"11"
"1237",26,"inductive",1.71,"sweater",5,"11"
"1238",26,"concrete",188,"coffee maker",6,"11"
"1239",26,"concrete",144,"headphones",5,"11"
"1240",26,"inductive",258,"headphones",5,"11"
"1241",26,"concrete",900,"watch",6,"11"
"1242",26,"inductive",24,"watch",4,"11"
"1243",26,"concrete",24,"headphones",1,"11"
"1244",26,"concrete",96,"headphones",4,"11"
"1245",26,"inductive",240,"watch",5,"11"
"1246",26,"inductive",2.58,"headphones",6,"11"
"1247",26,"inductive",85.5,"sweater",5,"11"
"1248",26,"inductive",20,"coffee maker",5,"11"
"1249",26,"concrete",52,"coffee maker",3,"11"
"1250",26,"concrete",450,"watch",4,"11"
"1251",27,"concrete",600,"laptop",4,"11"
"1252",27,"concrete",144,"headphones",8,"11"
"1253",27,"inductive",2,"coffee maker",8,"11"
"1254",27,"inductive",25.8,"headphones",7,"11"
"1255",27,"concrete",24,"coffee maker",2,"11"
"1256",27,"inductive",18.5,"laptop",8,"11"
"1257",27,"concrete",450,"watch",8,"11"
"1258",27,"concrete",100,"watch",6,"11"
"1259",27,"concrete",250,"watch",8,"11"
"1260",27,"inductive",240,"watch",7,"11"
"1261",27,"inductive",85.5,"sweater",4,"11"
"1262",27,"inductive",140,"coffee maker",2,"11"
"1263",27,"concrete",150,"sweater",6,"11"
"1264",27,"inductive",100,"coffee maker",4,"11"
"1265",27,"concrete",124,"coffee maker",6,"11"
"1266",27,"concrete",900,"laptop",8,"11"
"1267",27,"inductive",1200,"watch",2,"11"
"1268",27,"inductive",1680,"watch",2,"11"
"1269",27,"concrete",84,"coffee maker",4,"11"
"1270",27,"inductive",200,"coffee maker",3,"11"
"1271",27,"inductive",925,"laptop",2,"11"
"1272",27,"concrete",234,"headphones",9,"11"
"1273",27,"inductive",2.58,"headphones",8,"11"
"1274",27,"concrete",18,"sweater",1,"11"
"1275",27,"concrete",350,"laptop",3,"11"
"1276",27,"concrete",36,"sweater",2,"11"
"1277",27,"inductive",185,"laptop",5,"11"
"1278",27,"inductive",180.6,"headphones",4,"11"
"1279",27,"inductive",258,"headphones",2,"11"
"1280",27,"concrete",1250,"laptop",9,"11"
"1281",27,"inductive",1295,"laptop",2,"11"
"1282",27,"concrete",1850,"laptop",9,"11"
"1283",27,"inductive",119.7,"sweater",3,"11"
"1284",27,"concrete",24,"headphones",1,"11"
"1285",27,"concrete",60,"headphones",4,"11"
"1286",27,"concrete",96,"headphones",5,"11"
"1287",27,"inductive",17.1,"sweater",6,"11"
"1288",27,"inductive",1850,"laptop",2,"11"
"1289",27,"inductive",24,"watch",7,"11"
"1290",27,"inductive",20,"coffee maker",6,"11"
"1291",27,"inductive",1.71,"sweater",7,"11"
"1292",27,"concrete",57,"sweater",4,"11"
"1293",27,"concrete",188,"coffee maker",7,"11"
"1294",27,"concrete",900,"watch",7,"11"
"1295",27,"concrete",87,"sweater",5,"11"
"1296",27,"inductive",2400,"watch",3,"11"
"1297",27,"inductive",129,"headphones",3,"11"
"1298",27,"concrete",2000,"watch",9,"11"
"1299",27,"concrete",52,"coffee maker",4,"11"
"1300",27,"inductive",171,"sweater",3,"11"
"1301",28,"inductive",2,"coffee maker",9,"11"
"1302",28,"concrete",900,"laptop",8,"11"
"1303",28,"inductive",171,"sweater",1,"11"
"1304",28,"concrete",150,"sweater",9,"11"
"1305",28,"concrete",60,"headphones",5,"11"
"1306",28,"concrete",84,"coffee maker",6,"11"
"1307",28,"inductive",2.58,"headphones",5,"11"
"1308",28,"inductive",100,"coffee maker",3,"11"
"1309",28,"inductive",925,"laptop",3,"11"
"1310",28,"inductive",24,"watch",5,"11"
"1311",28,"inductive",1295,"laptop",2,"11"
"1312",28,"concrete",100,"watch",7,"11"
"1313",28,"inductive",140,"coffee maker",4,"11"
"1314",28,"concrete",24,"coffee maker",1,"11"
"1315",28,"inductive",200,"coffee maker",2,"11"
"1316",28,"concrete",250,"watch",9,"11"
"1317",28,"concrete",144,"headphones",6,"11"
"1318",28,"concrete",52,"coffee maker",4,"11"
"1319",28,"inductive",185,"laptop",5,"11"
"1320",28,"inductive",240,"watch",3,"11"
"1321",28,"concrete",36,"sweater",4,"11"
"1322",28,"inductive",17.1,"sweater",3,"11"
"1323",28,"concrete",87,"sweater",8,"11"
"1324",28,"concrete",57,"sweater",6,"11"
"1325",28,"inductive",85.5,"sweater",3,"11"
"1326",28,"inductive",20,"coffee maker",5,"11"
"1327",28,"inductive",180.6,"headphones",2,"11"
"1328",28,"inductive",129,"headphones",3,"11"
"1329",28,"inductive",18.5,"laptop",8,"11"
"1330",28,"inductive",1200,"watch",1,"11"
"1331",28,"concrete",600,"laptop",5,"11"
"1332",28,"inductive",1680,"watch",1,"11"
"1333",28,"concrete",124,"coffee maker",7,"11"
"1334",28,"concrete",450,"watch",9,"11"
"1335",28,"inductive",258,"headphones",1,"11"
"1336",28,"concrete",188,"coffee maker",9,"11"
"1337",28,"concrete",350,"laptop",4,"11"
"1338",28,"concrete",96,"headphones",6,"11"
"1339",28,"inductive",119.7,"sweater",1,"11"
"1340",28,"inductive",2400,"watch",1,"11"
"1341",28,"inductive",25.8,"headphones",7,"11"
"1342",28,"concrete",900,"watch",9,"11"
"1343",28,"concrete",1250,"laptop",9,"11"
"1344",28,"concrete",24,"headphones",1,"11"
"1345",28,"inductive",1.71,"sweater",9,"11"
"1346",28,"concrete",1850,"laptop",9,"11"
"1347",28,"concrete",2000,"watch",9,"11"
"1348",28,"inductive",1850,"laptop",1,"11"
"1349",28,"concrete",18,"sweater",2,"11"
"1350",28,"concrete",234,"headphones",9,"11"
"1351",29,"inductive",240,"watch",9,"11"
"1352",29,"inductive",140,"coffee maker",3,"11"
"1353",29,"concrete",24,"coffee maker",9,"11"
"1354",29,"concrete",600,"laptop",5,"11"
"1355",29,"inductive",1680,"watch",4,"11"
"1356",29,"concrete",100,"watch",6,"11"
"1357",29,"inductive",2.58,"headphones",9,"11"
"1358",29,"inductive",925,"laptop",2,"11"
"1359",29,"inductive",119.7,"sweater",3,"11"
"1360",29,"inductive",1200,"watch",6,"11"
"1361",29,"inductive",85.5,"sweater",4,"11"
"1362",29,"concrete",450,"watch",8,"11"
"1363",29,"concrete",350,"laptop",1,"11"
"1364",29,"inductive",180.6,"headphones",2,"11"
"1365",29,"inductive",24,"watch",9,"11"
"1366",29,"inductive",20,"coffee maker",7,"11"
"1367",29,"concrete",60,"headphones",2,"11"
"1368",29,"concrete",18,"sweater",1,"11"
"1369",29,"concrete",900,"laptop",5,"11"
"1370",29,"inductive",100,"coffee maker",1,"11"
"1371",29,"inductive",171,"sweater",7,"11"
"1372",29,"inductive",185,"laptop",7,"11"
"1373",29,"concrete",250,"watch",5,"11"
"1374",29,"concrete",57,"sweater",8,"11"
"1375",29,"inductive",1850,"laptop",2,"11"
"1376",29,"inductive",258,"headphones",7,"11"
"1377",29,"concrete",87,"sweater",1,"11"
"1378",29,"concrete",84,"coffee maker",9,"11"
"1379",29,"inductive",1.71,"sweater",9,"11"
"1380",29,"inductive",129,"headphones",1,"11"
"1381",29,"concrete",150,"sweater",9,"11"
"1382",29,"concrete",1250,"laptop",9,"11"
"1383",29,"concrete",36,"sweater",2,"11"
"1384",29,"concrete",234,"headphones",7,"11"
"1385",29,"concrete",188,"coffee maker",8,"11"
"1386",29,"inductive",25.8,"headphones",6,"11"
"1387",29,"concrete",2000,"watch",9,"11"
"1388",29,"inductive",2400,"watch",7,"11"
"1389",29,"concrete",144,"headphones",4,"11"
"1390",29,"concrete",96,"headphones",2,"11"
"1391",29,"inductive",18.5,"laptop",9,"11"
"1392",29,"concrete",1850,"laptop",7,"11"
"1393",29,"concrete",900,"watch",8,"11"
"1394",29,"concrete",52,"coffee maker",7,"11"
"1395",29,"inductive",1295,"laptop",5,"11"
"1396",29,"inductive",17.1,"sweater",7,"11"
"1397",29,"inductive",200,"coffee maker",1,"11"
"1398",29,"concrete",124,"coffee maker",8,"11"
"1399",29,"inductive",2,"coffee maker",9,"11"
"1400",29,"concrete",24,"headphones",1,"11"
